Product_ID,Product_Name,Date,Total_Returns,Total_Exchanges,Month,Year,Day_of_Week,Lag_Total_Returns,Lag_Total_Exchanges,Rolling_Returns,Rolling_Exchanges
0ekg6b0d,Product_3,2024-01-05,17,2,1,2024,4,17.0,2.0,15.0,1.0
0ekg6b0d,Product_3,2024-01-17,13,0,1,2024,2,17.0,2.0,15.0,1.0
0ekg6b0d,Product_3,2024-02-09,9,6,2,2024,4,13.0,0.0,11.0,3.0
0ekg6b0d,Product_3,2024-03-14,20,0,3,2024,3,9.0,6.0,14.5,3.0
0ekg6b0d,Product_3,2024-04-06,4,8,4,2024,5,20.0,0.0,12.0,4.0
0ekg6b0d,Product_3,2024-05-06,10,7,5,2024,0,4.0,8.0,7.0,7.5
0ekg6b0d,Product_3,2024-05-23,3,8,5,2024,3,10.0,7.0,6.5,7.5
0ekg6b0d,Product_3,2024-05-30,11,8,5,2024,3,3.0,8.0,7.0,8.0
0ekg6b0d,Product_3,2024-06-02,8,8,6,2024,6,11.0,8.0,9.5,8.0
0ekg6b0d,Product_3,2024-06-04,16,9,6,2024,1,8.0,8.0,12.0,8.5
0ksz49ya,Product_59,2024-01-02,16,8,1,2024,1,16.0,8.0,13.0,7.0
0ksz49ya,Product_59,2024-01-09,10,6,1,2024,1,16.0,8.0,13.0,7.0
0ksz49ya,Product_59,2024-01-14,14,8,1,2024,6,10.0,6.0,12.0,7.0
0ksz49ya,Product_59,2024-04-02,1,1,4,2024,1,14.0,8.0,7.5,4.5
0ksz49ya,Product_59,2024-04-11,16,6,4,2024,3,1.0,1.0,8.5,3.5
0ksz49ya,Product_59,2024-04-11,6,5,4,2024,3,16.0,6.0,11.0,5.5
0ksz49ya,Product_59,2024-06-12,17,2,6,2024,2,6.0,5.0,11.5,3.5
0ksz49ya,Product_59,2024-06-20,12,8,6,2024,3,17.0,2.0,14.5,5.0
0ksz49ya,Product_59,2024-06-23,4,9,6,2024,6,12.0,8.0,8.0,8.5
0ksz49ya,Product_59,2024-06-29,17,10,6,2024,5,4.0,9.0,10.5,9.5
0n30loyg,Product_37,2024-01-06,8,7,1,2024,5,8.0,7.0,7.0,7.0
0n30loyg,Product_37,2024-01-07,6,7,1,2024,6,8.0,7.0,7.0,7.0
0n30loyg,Product_37,2024-01-11,7,0,1,2024,3,6.0,7.0,6.5,3.5
0n30loyg,Product_37,2024-01-26,1,8,1,2024,4,7.0,0.0,4.0,4.0
0n30loyg,Product_37,2024-02-02,10,3,2,2024,4,1.0,8.0,5.5,5.5
0n30loyg,Product_37,2024-02-12,20,9,2,2024,0,10.0,3.0,15.0,6.0
0n30loyg,Product_37,2024-04-08,18,3,4,2024,0,20.0,9.0,19.0,6.0
0n30loyg,Product_37,2024-04-29,14,5,4,2024,0,18.0,3.0,16.0,4.0
0n30loyg,Product_37,2024-06-10,3,0,6,2024,0,14.0,5.0,8.5,2.5
0n30loyg,Product_37,2024-06-15,20,7,6,2024,5,3.0,0.0,11.5,3.5
1guhvjqn,Product_82,2024-02-19,6,8,2,2024,0,6.0,8.0,9.5,5.5
1guhvjqn,Product_82,2024-04-05,13,3,4,2024,4,6.0,8.0,9.5,5.5
1guhvjqn,Product_82,2024-04-25,7,8,4,2024,3,13.0,3.0,10.0,5.5
1guhvjqn,Product_82,2024-04-26,17,3,4,2024,4,7.0,8.0,12.0,5.5
1guhvjqn,Product_82,2024-04-28,18,10,4,2024,6,17.0,3.0,17.5,6.5
1guhvjqn,Product_82,2024-05-18,18,0,5,2024,5,18.0,10.0,18.0,5.0
1guhvjqn,Product_82,2024-05-25,17,0,5,2024,5,18.0,0.0,17.5,0.0
1guhvjqn,Product_82,2024-05-27,4,1,5,2024,0,17.0,0.0,10.5,0.5
1guhvjqn,Product_82,2024-06-08,17,7,6,2024,5,4.0,1.0,10.5,4.0
1guhvjqn,Product_82,2024-06-13,20,1,6,2024,3,17.0,7.0,18.5,4.0
1oxrbr8x,Product_93,2024-01-25,1,9,1,2024,3,1.0,9.0,10.5,8.0
1oxrbr8x,Product_93,2024-01-29,20,7,1,2024,0,1.0,9.0,10.5,8.0
1oxrbr8x,Product_93,2024-02-01,3,8,2,2024,3,20.0,7.0,11.5,7.5
1oxrbr8x,Product_93,2024-02-11,13,1,2,2024,6,3.0,8.0,8.0,4.5
1oxrbr8x,Product_93,2024-03-13,7,8,3,2024,2,13.0,1.0,10.0,4.5
1oxrbr8x,Product_93,2024-04-04,17,1,4,2024,3,7.0,8.0,12.0,4.5
1oxrbr8x,Product_93,2024-04-26,20,4,4,2024,4,17.0,1.0,18.5,2.5
1oxrbr8x,Product_93,2024-05-03,4,9,5,2024,4,20.0,4.0,12.0,6.5
1oxrbr8x,Product_93,2024-05-15,12,2,5,2024,2,4.0,9.0,8.0,5.5
1oxrbr8x,Product_93,2024-06-27,8,7,6,2024,3,12.0,2.0,10.0,4.5
1uv7l8kz,Product_38,2024-01-28,14,8,1,2024,6,14.0,8.0,14.0,8.5
1uv7l8kz,Product_38,2024-02-10,14,9,2,2024,5,14.0,8.0,14.0,8.5
1uv7l8kz,Product_38,2024-03-25,20,0,3,2024,0,14.0,9.0,17.0,4.5
1uv7l8kz,Product_38,2024-03-28,13,9,3,2024,3,20.0,0.0,16.5,4.5
1uv7l8kz,Product_38,2024-04-12,18,1,4,2024,4,13.0,9.0,15.5,5.0
1uv7l8kz,Product_38,2024-04-21,5,5,4,2024,6,18.0,1.0,11.5,3.0
1uv7l8kz,Product_38,2024-05-09,20,4,5,2024,3,5.0,5.0,12.5,4.5
1uv7l8kz,Product_38,2024-05-27,6,8,5,2024,0,20.0,4.0,13.0,6.0
1uv7l8kz,Product_38,2024-06-11,20,9,6,2024,1,6.0,8.0,13.0,8.5
1uv7l8kz,Product_38,2024-06-15,4,8,6,2024,5,20.0,9.0,12.0,8.5
2jz1rjjw,Product_19,2024-01-01,20,5,1,2024,0,20.0,5.0,12.0,4.5
2jz1rjjw,Product_19,2024-02-16,4,4,2,2024,4,20.0,5.0,12.0,4.5
2jz1rjjw,Product_19,2024-02-28,3,5,2,2024,2,4.0,4.0,3.5,4.5
2jz1rjjw,Product_19,2024-03-16,1,5,3,2024,5,3.0,5.0,2.0,5.0
2jz1rjjw,Product_19,2024-03-28,15,9,3,2024,3,1.0,5.0,8.0,7.0
2jz1rjjw,Product_19,2024-04-15,19,2,4,2024,0,15.0,9.0,17.0,5.5
2jz1rjjw,Product_19,2024-04-17,9,8,4,2024,2,19.0,2.0,14.0,5.0
2jz1rjjw,Product_19,2024-05-03,13,9,5,2024,4,9.0,8.0,11.0,8.5
2jz1rjjw,Product_19,2024-05-11,19,3,5,2024,5,13.0,9.0,16.0,6.0
2jz1rjjw,Product_19,2024-06-14,16,9,6,2024,4,19.0,3.0,17.5,6.0
3ors0jf9,Product_4,2024-01-19,1,7,1,2024,4,1.0,7.0,7.0,3.5
3ors0jf9,Product_4,2024-02-12,13,0,2,2024,0,1.0,7.0,7.0,3.5
3ors0jf9,Product_4,2024-02-23,7,9,2,2024,4,13.0,0.0,10.0,4.5
3ors0jf9,Product_4,2024-02-25,2,6,2,2024,6,7.0,9.0,4.5,7.5
3ors0jf9,Product_4,2024-03-02,13,8,3,2024,5,2.0,6.0,7.5,7.0
3ors0jf9,Product_4,2024-03-05,18,7,3,2024,1,13.0,8.0,15.5,7.5
3ors0jf9,Product_4,2024-03-27,8,9,3,2024,2,18.0,7.0,13.0,8.0
3ors0jf9,Product_4,2024-04-18,6,2,4,2024,3,8.0,9.0,7.0,5.5
3ors0jf9,Product_4,2024-05-21,2,5,5,2024,1,6.0,2.0,4.0,3.5
3ors0jf9,Product_4,2024-06-07,3,0,6,2024,4,2.0,5.0,2.5,2.5
40zt9qhu,Product_2,2024-01-01,14,8,1,2024,0,14.0,8.0,13.0,5.0
40zt9qhu,Product_2,2024-01-15,12,2,1,2024,0,14.0,8.0,13.0,5.0
40zt9qhu,Product_2,2024-01-28,19,1,1,2024,6,12.0,2.0,15.5,1.5
40zt9qhu,Product_2,2024-01-29,1,5,1,2024,0,19.0,1.0,10.0,3.0
40zt9qhu,Product_2,2024-01-29,13,6,1,2024,0,1.0,5.0,7.0,5.5
40zt9qhu,Product_2,2024-02-18,19,8,2,2024,6,13.0,6.0,16.0,7.0
40zt9qhu,Product_2,2024-02-18,16,10,2,2024,6,19.0,8.0,17.5,9.0
40zt9qhu,Product_2,2024-03-28,20,6,3,2024,3,16.0,10.0,18.0,8.0
40zt9qhu,Product_2,2024-05-08,10,7,5,2024,2,20.0,6.0,15.0,6.5
40zt9qhu,Product_2,2024-05-12,9,10,5,2024,6,10.0,7.0,9.5,8.5
41socxnz,Product_91,2024-01-17,4,5,1,2024,2,4.0,5.0,2.5,6.5
41socxnz,Product_91,2024-02-23,1,8,2,2024,4,4.0,5.0,2.5,6.5
41socxnz,Product_91,2024-05-19,20,3,5,2024,6,1.0,8.0,10.5,5.5
41socxnz,Product_91,2024-05-23,20,8,5,2024,3,20.0,3.0,20.0,5.5
41socxnz,Product_91,2024-05-31,11,8,5,2024,4,20.0,8.0,15.5,8.0
41socxnz,Product_91,2024-06-19,20,1,6,2024,2,11.0,8.0,15.5,4.5
41socxnz,Product_91,2024-06-24,20,6,6,2024,0,20.0,1.0,20.0,3.5
41socxnz,Product_91,2024-06-26,19,4,6,2024,2,20.0,6.0,19.5,5.0
41socxnz,Product_91,2024-06-26,7,6,6,2024,2,19.0,4.0,13.0,5.0
41socxnz,Product_91,2024-06-28,17,1,6,2024,4,7.0,6.0,12.0,3.5
4s7tcm22,Product_45,2024-01-12,11,2,1,2024,4,11.0,2.0,13.5,1.5
4s7tcm22,Product_45,2024-01-22,16,1,1,2024,0,11.0,2.0,13.5,1.5
4s7tcm22,Product_45,2024-02-28,13,4,2,2024,2,16.0,1.0,14.5,2.5
4s7tcm22,Product_45,2024-03-03,18,4,3,2024,6,13.0,4.0,15.5,4.0
4s7tcm22,Product_45,2024-03-12,7,8,3,2024,1,18.0,4.0,12.5,6.0
4s7tcm22,Product_45,2024-03-19,17,0,3,2024,1,7.0,8.0,12.0,4.0
4s7tcm22,Product_45,2024-04-12,14,7,4,2024,4,17.0,0.0,15.5,3.5
4s7tcm22,Product_45,2024-04-20,5,0,4,2024,5,14.0,7.0,9.5,3.5
4s7tcm22,Product_45,2024-05-18,14,4,5,2024,5,5.0,0.0,9.5,2.0
4s7tcm22,Product_45,2024-06-21,18,0,6,2024,4,14.0,4.0,16.0,2.0
51qh01xt,Product_51,2024-01-11,13,1,1,2024,3,13.0,1.0,8.0,3.0
51qh01xt,Product_51,2024-01-18,3,5,1,2024,3,13.0,1.0,8.0,3.0
51qh01xt,Product_51,2024-02-05,17,10,2,2024,0,3.0,5.0,10.0,7.5
51qh01xt,Product_51,2024-03-02,15,0,3,2024,5,17.0,10.0,16.0,5.0
51qh01xt,Product_51,2024-03-20,16,1,3,2024,2,15.0,0.0,15.5,0.5
51qh01xt,Product_51,2024-04-12,2,2,4,2024,4,16.0,1.0,9.0,1.5
51qh01xt,Product_51,2024-04-13,9,0,4,2024,5,2.0,2.0,5.5,1.0
51qh01xt,Product_51,2024-05-29,8,0,5,2024,2,9.0,0.0,8.5,0.0
51qh01xt,Product_51,2024-06-11,6,3,6,2024,1,8.0,0.0,7.0,1.5
51qh01xt,Product_51,2024-06-21,3,5,6,2024,4,6.0,3.0,4.5,4.0
53biktbh,Product_95,2024-01-19,19,1,1,2024,4,19.0,1.0,15.5,4.5
53biktbh,Product_95,2024-02-11,12,8,2,2024,6,19.0,1.0,15.5,4.5
53biktbh,Product_95,2024-03-08,9,0,3,2024,4,12.0,8.0,10.5,4.0
53biktbh,Product_95,2024-03-22,9,7,3,2024,4,9.0,0.0,9.0,3.5
53biktbh,Product_95,2024-04-28,6,9,4,2024,6,9.0,7.0,7.5,8.0
53biktbh,Product_95,2024-05-18,9,1,5,2024,5,6.0,9.0,7.5,5.0
53biktbh,Product_95,2024-06-02,14,8,6,2024,6,9.0,1.0,11.5,4.5
53biktbh,Product_95,2024-06-13,11,8,6,2024,3,14.0,8.0,12.5,8.0
53biktbh,Product_95,2024-06-17,20,3,6,2024,0,11.0,8.0,15.5,5.5
53biktbh,Product_95,2024-06-28,8,0,6,2024,4,20.0,3.0,14.0,1.5
5cdvf2ib,Product_96,2024-01-11,14,8,1,2024,3,14.0,8.0,8.5,9.0
5cdvf2ib,Product_96,2024-01-18,3,10,1,2024,3,14.0,8.0,8.5,9.0
5cdvf2ib,Product_96,2024-01-19,10,1,1,2024,4,3.0,10.0,6.5,5.5
5cdvf2ib,Product_96,2024-01-21,8,6,1,2024,6,10.0,1.0,9.0,3.5
5cdvf2ib,Product_96,2024-02-10,8,5,2,2024,5,8.0,6.0,8.0,5.5
5cdvf2ib,Product_96,2024-03-01,11,8,3,2024,4,8.0,5.0,9.5,6.5
5cdvf2ib,Product_96,2024-03-13,19,8,3,2024,2,11.0,8.0,15.0,8.0
5cdvf2ib,Product_96,2024-03-28,20,0,3,2024,3,19.0,8.0,19.5,4.0
5cdvf2ib,Product_96,2024-04-13,2,2,4,2024,5,20.0,0.0,11.0,1.0
5cdvf2ib,Product_96,2024-06-05,3,4,6,2024,2,2.0,2.0,2.5,3.0
5eee4r46,Product_67,2024-01-08,11,1,1,2024,0,11.0,1.0,10.5,0.5
5eee4r46,Product_67,2024-02-04,10,0,2,2024,6,11.0,1.0,10.5,0.5
5eee4r46,Product_67,2024-02-28,15,6,2,2024,2,10.0,0.0,12.5,3.0
5eee4r46,Product_67,2024-03-08,17,2,3,2024,4,15.0,6.0,16.0,4.0
5eee4r46,Product_67,2024-03-14,4,3,3,2024,3,17.0,2.0,10.5,2.5
5eee4r46,Product_67,2024-04-23,18,1,4,2024,1,4.0,3.0,11.0,2.0
5eee4r46,Product_67,2024-05-06,12,6,5,2024,0,18.0,1.0,15.0,3.5
5eee4r46,Product_67,2024-06-07,10,10,6,2024,4,12.0,6.0,11.0,8.0
5eee4r46,Product_67,2024-06-11,9,7,6,2024,1,10.0,10.0,9.5,8.5
5eee4r46,Product_67,2024-06-16,15,8,6,2024,6,9.0,7.0,12.0,7.5
5hn1m4w7,Product_16,2024-01-12,4,0,1,2024,4,4.0,0.0,12.0,2.0
5hn1m4w7,Product_16,2024-03-02,20,4,3,2024,5,4.0,0.0,12.0,2.0
5hn1m4w7,Product_16,2024-03-10,8,8,3,2024,6,20.0,4.0,14.0,6.0
5hn1m4w7,Product_16,2024-03-15,13,1,3,2024,4,8.0,8.0,10.5,4.5
5hn1m4w7,Product_16,2024-03-17,5,7,3,2024,6,13.0,1.0,9.0,4.0
5hn1m4w7,Product_16,2024-03-30,14,7,3,2024,5,5.0,7.0,9.5,7.0
5hn1m4w7,Product_16,2024-04-15,6,2,4,2024,0,14.0,7.0,10.0,4.5
5hn1m4w7,Product_16,2024-05-03,20,6,5,2024,4,6.0,2.0,13.0,4.0
5hn1m4w7,Product_16,2024-06-02,9,0,6,2024,6,20.0,6.0,14.5,3.0
5hn1m4w7,Product_16,2024-06-08,9,6,6,2024,5,9.0,0.0,9.0,3.0
706ilpv3,Product_8,2024-01-29,19,4,1,2024,0,19.0,4.0,15.0,7.0
706ilpv3,Product_8,2024-02-28,11,10,2,2024,2,19.0,4.0,15.0,7.0
706ilpv3,Product_8,2024-03-21,9,3,3,2024,3,11.0,10.0,10.0,6.5
706ilpv3,Product_8,2024-03-26,8,7,3,2024,1,9.0,3.0,8.5,5.0
706ilpv3,Product_8,2024-03-30,3,6,3,2024,5,8.0,7.0,5.5,6.5
706ilpv3,Product_8,2024-05-10,4,9,5,2024,4,3.0,6.0,3.5,7.5
706ilpv3,Product_8,2024-06-02,3,4,6,2024,6,4.0,9.0,3.5,6.5
706ilpv3,Product_8,2024-06-09,16,3,6,2024,6,3.0,4.0,9.5,3.5
706ilpv3,Product_8,2024-06-21,10,8,6,2024,4,16.0,3.0,13.0,5.5
706ilpv3,Product_8,2024-06-24,19,1,6,2024,0,10.0,8.0,14.5,4.5
7ti99i4c,Product_35,2024-01-11,12,4,1,2024,3,12.0,4.0,13.5,2.5
7ti99i4c,Product_35,2024-01-14,15,1,1,2024,6,12.0,4.0,13.5,2.5
7ti99i4c,Product_35,2024-01-22,7,10,1,2024,0,15.0,1.0,11.0,5.5
7ti99i4c,Product_35,2024-02-03,3,8,2,2024,5,7.0,10.0,5.0,9.0
7ti99i4c,Product_35,2024-02-18,17,4,2,2024,6,3.0,8.0,10.0,6.0
7ti99i4c,Product_35,2024-04-24,2,6,4,2024,2,17.0,4.0,9.5,5.0
7ti99i4c,Product_35,2024-05-13,2,4,5,2024,0,2.0,6.0,2.0,5.0
7ti99i4c,Product_35,2024-05-24,1,7,5,2024,4,2.0,4.0,1.5,5.5
7ti99i4c,Product_35,2024-06-12,7,3,6,2024,2,1.0,7.0,4.0,5.0
7ti99i4c,Product_35,2024-06-21,9,10,6,2024,4,7.0,3.0,8.0,6.5
7zay8hua,Product_89,2024-01-03,1,10,1,2024,2,1.0,10.0,7.5,6.0
7zay8hua,Product_89,2024-01-22,14,2,1,2024,0,1.0,10.0,7.5,6.0
7zay8hua,Product_89,2024-02-14,16,6,2,2024,2,14.0,2.0,15.0,4.0
7zay8hua,Product_89,2024-04-15,9,1,4,2024,0,16.0,6.0,12.5,3.5
7zay8hua,Product_89,2024-04-18,19,3,4,2024,3,9.0,1.0,14.0,2.0
7zay8hua,Product_89,2024-05-01,2,10,5,2024,2,19.0,3.0,10.5,6.5
7zay8hua,Product_89,2024-06-01,4,4,6,2024,5,2.0,10.0,3.0,7.0
7zay8hua,Product_89,2024-06-04,1,2,6,2024,1,4.0,4.0,2.5,3.0
7zay8hua,Product_89,2024-06-06,12,1,6,2024,3,1.0,2.0,6.5,1.5
7zay8hua,Product_89,2024-06-10,1,3,6,2024,0,12.0,1.0,6.5,2.0
81mmwkd4,Product_14,2024-02-23,16,6,2,2024,4,16.0,6.0,15.0,5.5
81mmwkd4,Product_14,2024-02-25,14,5,2,2024,6,16.0,6.0,15.0,5.5
81mmwkd4,Product_14,2024-03-29,13,6,3,2024,4,14.0,5.0,13.5,5.5
81mmwkd4,Product_14,2024-03-30,20,9,3,2024,5,13.0,6.0,16.5,7.5
81mmwkd4,Product_14,2024-03-31,11,2,3,2024,6,20.0,9.0,15.5,5.5
81mmwkd4,Product_14,2024-04-03,6,6,4,2024,2,11.0,2.0,8.5,4.0
81mmwkd4,Product_14,2024-04-08,9,5,4,2024,0,6.0,6.0,7.5,5.5
81mmwkd4,Product_14,2024-05-20,14,3,5,2024,0,9.0,5.0,11.5,4.0
81mmwkd4,Product_14,2024-05-28,6,7,5,2024,1,14.0,3.0,10.0,5.0
81mmwkd4,Product_14,2024-06-09,11,5,6,2024,6,6.0,7.0,8.5,6.0
820ofm3l,Product_20,2024-01-11,20,7,1,2024,3,20.0,7.0,16.5,3.5
820ofm3l,Product_20,2024-02-18,13,0,2,2024,6,20.0,7.0,16.5,3.5
820ofm3l,Product_20,2024-02-25,5,3,2,2024,6,13.0,0.0,9.0,1.5
820ofm3l,Product_20,2024-03-02,4,3,3,2024,5,5.0,3.0,4.5,3.0
820ofm3l,Product_20,2024-04-02,14,1,4,2024,1,4.0,3.0,9.0,2.0
820ofm3l,Product_20,2024-04-26,16,8,4,2024,4,14.0,1.0,15.0,4.5
820ofm3l,Product_20,2024-05-12,13,3,5,2024,6,16.0,8.0,14.5,5.5
820ofm3l,Product_20,2024-06-02,7,3,6,2024,6,13.0,3.0,10.0,3.0
820ofm3l,Product_20,2024-06-21,8,9,6,2024,4,7.0,3.0,7.5,6.0
820ofm3l,Product_20,2024-06-21,17,1,6,2024,4,8.0,9.0,12.5,5.0
82f6on4q,Product_88,2024-01-23,13,7,1,2024,1,13.0,7.0,15.0,5.0
82f6on4q,Product_88,2024-02-02,17,3,2,2024,4,13.0,7.0,15.0,5.0
82f6on4q,Product_88,2024-02-05,20,10,2,2024,0,17.0,3.0,18.5,6.5
82f6on4q,Product_88,2024-02-06,2,7,2,2024,1,20.0,10.0,11.0,8.5
82f6on4q,Product_88,2024-02-15,1,1,2,2024,3,2.0,7.0,1.5,4.0
82f6on4q,Product_88,2024-03-22,3,0,3,2024,4,1.0,1.0,2.0,0.5
82f6on4q,Product_88,2024-04-13,17,1,4,2024,5,3.0,0.0,10.0,0.5
82f6on4q,Product_88,2024-05-19,1,2,5,2024,6,17.0,1.0,9.0,1.5
82f6on4q,Product_88,2024-05-22,13,6,5,2024,2,1.0,2.0,7.0,4.0
82f6on4q,Product_88,2024-05-23,10,7,5,2024,3,13.0,6.0,11.5,6.5
83jui0ci,Product_63,2024-02-13,19,7,2,2024,1,19.0,7.0,15.5,5.5
83jui0ci,Product_63,2024-02-26,12,4,2,2024,0,19.0,7.0,15.5,5.5
83jui0ci,Product_63,2024-04-16,4,5,4,2024,1,12.0,4.0,8.0,4.5
83jui0ci,Product_63,2024-04-22,11,7,4,2024,0,4.0,5.0,7.5,6.0
83jui0ci,Product_63,2024-04-24,8,6,4,2024,2,11.0,7.0,9.5,6.5
83jui0ci,Product_63,2024-04-25,9,5,4,2024,3,8.0,6.0,8.5,5.5
83jui0ci,Product_63,2024-05-17,1,2,5,2024,4,9.0,5.0,5.0,3.5
83jui0ci,Product_63,2024-05-23,3,8,5,2024,3,1.0,2.0,2.0,5.0
83jui0ci,Product_63,2024-06-11,17,10,6,2024,1,3.0,8.0,10.0,9.0
83jui0ci,Product_63,2024-06-15,8,2,6,2024,5,17.0,10.0,12.5,6.0
86mpeu1t,Product_84,2024-02-04,18,7,2,2024,6,18.0,7.0,11.0,5.0
86mpeu1t,Product_84,2024-02-25,4,3,2,2024,6,18.0,7.0,11.0,5.0
86mpeu1t,Product_84,2024-02-26,3,4,2,2024,0,4.0,3.0,3.5,3.5
86mpeu1t,Product_84,2024-03-10,10,0,3,2024,6,3.0,4.0,6.5,2.0
86mpeu1t,Product_84,2024-03-20,17,1,3,2024,2,10.0,0.0,13.5,0.5
86mpeu1t,Product_84,2024-05-09,20,1,5,2024,3,17.0,1.0,18.5,1.0
86mpeu1t,Product_84,2024-05-22,18,0,5,2024,2,20.0,1.0,19.0,0.5
86mpeu1t,Product_84,2024-05-22,18,8,5,2024,2,18.0,0.0,18.0,4.0
86mpeu1t,Product_84,2024-05-31,7,3,5,2024,4,18.0,8.0,12.5,5.5
86mpeu1t,Product_84,2024-06-10,19,3,6,2024,0,7.0,3.0,13.0,3.0
8ghvudeb,Product_22,2024-02-04,10,2,2,2024,6,10.0,2.0,8.5,3.0
8ghvudeb,Product_22,2024-02-19,7,4,2,2024,0,10.0,2.0,8.5,3.0
8ghvudeb,Product_22,2024-02-21,9,6,2,2024,2,7.0,4.0,8.0,5.0
8ghvudeb,Product_22,2024-02-22,20,10,2,2024,3,9.0,6.0,14.5,8.0
8ghvudeb,Product_22,2024-03-17,8,3,3,2024,6,20.0,10.0,14.0,6.5
8ghvudeb,Product_22,2024-03-20,10,8,3,2024,2,8.0,3.0,9.0,5.5
8ghvudeb,Product_22,2024-03-29,11,7,3,2024,4,10.0,8.0,10.5,7.5
8ghvudeb,Product_22,2024-04-16,1,4,4,2024,1,11.0,7.0,6.0,5.5
8ghvudeb,Product_22,2024-05-05,3,9,5,2024,6,1.0,4.0,2.0,6.5
8ghvudeb,Product_22,2024-06-27,13,9,6,2024,3,3.0,9.0,8.0,9.0
8hftchik,Product_13,2024-01-31,14,9,1,2024,2,14.0,9.0,13.0,9.0
8hftchik,Product_13,2024-02-17,12,9,2,2024,5,14.0,9.0,13.0,9.0
8hftchik,Product_13,2024-02-17,14,9,2,2024,5,12.0,9.0,13.0,9.0
8hftchik,Product_13,2024-03-10,19,2,3,2024,6,14.0,9.0,16.5,5.5
8hftchik,Product_13,2024-04-02,19,7,4,2024,1,19.0,2.0,19.0,4.5
8hftchik,Product_13,2024-04-13,6,9,4,2024,5,19.0,7.0,12.5,8.0
8hftchik,Product_13,2024-04-29,15,10,4,2024,0,6.0,9.0,10.5,9.5
8hftchik,Product_13,2024-06-06,16,3,6,2024,3,15.0,10.0,15.5,6.5
8hftchik,Product_13,2024-06-21,16,2,6,2024,4,16.0,3.0,16.0,2.5
8hftchik,Product_13,2024-06-27,9,4,6,2024,3,16.0,2.0,12.5,3.0
8lpnf3kx,Product_7,2024-01-21,1,10,1,2024,6,1.0,10.0,4.0,6.0
8lpnf3kx,Product_7,2024-01-24,7,2,1,2024,2,1.0,10.0,4.0,6.0
8lpnf3kx,Product_7,2024-02-17,2,8,2,2024,5,7.0,2.0,4.5,5.0
8lpnf3kx,Product_7,2024-02-20,17,0,2,2024,1,2.0,8.0,9.5,4.0
8lpnf3kx,Product_7,2024-03-09,5,4,3,2024,5,17.0,0.0,11.0,2.0
8lpnf3kx,Product_7,2024-04-10,10,0,4,2024,2,5.0,4.0,7.5,2.0
8lpnf3kx,Product_7,2024-04-20,9,2,4,2024,5,10.0,0.0,9.5,1.0
8lpnf3kx,Product_7,2024-06-10,19,4,6,2024,0,9.0,2.0,14.0,3.0
8lpnf3kx,Product_7,2024-06-22,12,1,6,2024,5,19.0,4.0,15.5,2.5
8lpnf3kx,Product_7,2024-06-26,5,10,6,2024,2,12.0,1.0,8.5,5.5
8slo0a7f,Product_77,2024-01-04,17,9,1,2024,3,17.0,9.0,10.5,9.5
8slo0a7f,Product_77,2024-01-08,4,10,1,2024,0,17.0,9.0,10.5,9.5
8slo0a7f,Product_77,2024-02-23,3,8,2,2024,4,4.0,10.0,3.5,9.0
8slo0a7f,Product_77,2024-03-04,14,2,3,2024,0,3.0,8.0,8.5,5.0
8slo0a7f,Product_77,2024-03-21,7,10,3,2024,3,14.0,2.0,10.5,6.0
8slo0a7f,Product_77,2024-04-27,13,1,4,2024,5,7.0,10.0,10.0,5.5
8slo0a7f,Product_77,2024-04-28,8,8,4,2024,6,13.0,1.0,10.5,4.5
8slo0a7f,Product_77,2024-06-15,3,2,6,2024,5,8.0,8.0,5.5,5.0
8slo0a7f,Product_77,2024-06-23,12,5,6,2024,6,3.0,2.0,7.5,3.5
8slo0a7f,Product_77,2024-06-26,3,8,6,2024,2,12.0,5.0,7.5,6.5
8ymwxrgf,Product_39,2024-01-19,5,0,1,2024,4,5.0,0.0,9.5,3.0
8ymwxrgf,Product_39,2024-01-30,14,6,1,2024,1,5.0,0.0,9.5,3.0
8ymwxrgf,Product_39,2024-03-02,11,10,3,2024,5,14.0,6.0,12.5,8.0
8ymwxrgf,Product_39,2024-03-04,17,9,3,2024,0,11.0,10.0,14.0,9.5
8ymwxrgf,Product_39,2024-03-27,10,8,3,2024,2,17.0,9.0,13.5,8.5
8ymwxrgf,Product_39,2024-03-29,7,4,3,2024,4,10.0,8.0,8.5,6.0
8ymwxrgf,Product_39,2024-05-02,16,4,5,2024,3,7.0,4.0,11.5,4.0
8ymwxrgf,Product_39,2024-05-24,2,9,5,2024,4,16.0,4.0,9.0,6.5
8ymwxrgf,Product_39,2024-06-01,7,9,6,2024,5,2.0,9.0,4.5,9.0
8ymwxrgf,Product_39,2024-06-08,15,5,6,2024,5,7.0,9.0,11.0,7.0
96as2m3i,Product_73,2024-02-09,4,0,2,2024,4,4.0,0.0,7.0,4.0
96as2m3i,Product_73,2024-02-16,10,8,2,2024,4,4.0,0.0,7.0,4.0
96as2m3i,Product_73,2024-02-28,15,3,2,2024,2,10.0,8.0,12.5,5.5
96as2m3i,Product_73,2024-03-09,4,8,3,2024,5,15.0,3.0,9.5,5.5
96as2m3i,Product_73,2024-03-21,18,8,3,2024,3,4.0,8.0,11.0,8.0
96as2m3i,Product_73,2024-04-03,19,9,4,2024,2,18.0,8.0,18.5,8.5
96as2m3i,Product_73,2024-04-07,18,10,4,2024,6,19.0,9.0,18.5,9.5
96as2m3i,Product_73,2024-04-12,8,3,4,2024,4,18.0,10.0,13.0,6.5
96as2m3i,Product_73,2024-04-16,13,7,4,2024,1,8.0,3.0,10.5,5.0
96as2m3i,Product_73,2024-06-18,6,7,6,2024,1,13.0,7.0,9.5,7.0
9lx9yc7g,Product_26,2024-01-16,15,8,1,2024,1,15.0,8.0,13.0,6.0
9lx9yc7g,Product_26,2024-02-21,11,4,2,2024,2,15.0,8.0,13.0,6.0
9lx9yc7g,Product_26,2024-02-22,15,3,2,2024,3,11.0,4.0,13.0,3.5
9lx9yc7g,Product_26,2024-03-11,5,0,3,2024,0,15.0,3.0,10.0,1.5
9lx9yc7g,Product_26,2024-03-12,20,2,3,2024,1,5.0,0.0,12.5,1.0
9lx9yc7g,Product_26,2024-03-15,18,0,3,2024,4,20.0,2.0,19.0,1.0
9lx9yc7g,Product_26,2024-04-02,11,2,4,2024,1,18.0,0.0,14.5,1.0
9lx9yc7g,Product_26,2024-04-07,4,0,4,2024,6,11.0,2.0,7.5,1.0
9lx9yc7g,Product_26,2024-05-21,15,8,5,2024,1,4.0,0.0,9.5,4.0
9lx9yc7g,Product_26,2024-06-19,2,3,6,2024,2,15.0,8.0,8.5,5.5
9u5xwlsb,Product_86,2024-01-02,6,10,1,2024,1,6.0,10.0,7.0,10.0
9u5xwlsb,Product_86,2024-02-07,8,10,2,2024,2,6.0,10.0,7.0,10.0
9u5xwlsb,Product_86,2024-02-07,14,10,2,2024,2,8.0,10.0,11.0,10.0
9u5xwlsb,Product_86,2024-02-14,13,1,2,2024,2,14.0,10.0,13.5,5.5
9u5xwlsb,Product_86,2024-02-28,1,0,2,2024,2,13.0,1.0,7.0,0.5
9u5xwlsb,Product_86,2024-04-01,16,7,4,2024,0,1.0,0.0,8.5,3.5
9u5xwlsb,Product_86,2024-04-01,20,8,4,2024,0,16.0,7.0,18.0,7.5
9u5xwlsb,Product_86,2024-04-19,1,3,4,2024,4,20.0,8.0,10.5,5.5
9u5xwlsb,Product_86,2024-05-24,8,3,5,2024,4,1.0,3.0,4.5,3.0
9u5xwlsb,Product_86,2024-05-27,3,8,5,2024,0,8.0,3.0,5.5,5.5
9v8mypma,Product_33,2024-02-12,6,7,2,2024,0,6.0,7.0,3.5,5.5
9v8mypma,Product_33,2024-02-26,1,4,2,2024,0,6.0,7.0,3.5,5.5
9v8mypma,Product_33,2024-03-19,2,2,3,2024,1,1.0,4.0,1.5,3.0
9v8mypma,Product_33,2024-04-13,4,8,4,2024,5,2.0,2.0,3.0,5.0
9v8mypma,Product_33,2024-04-17,5,9,4,2024,2,4.0,8.0,4.5,8.5
9v8mypma,Product_33,2024-05-01,5,2,5,2024,2,5.0,9.0,5.0,5.5
9v8mypma,Product_33,2024-05-05,2,8,5,2024,6,5.0,2.0,3.5,5.0
9v8mypma,Product_33,2024-06-03,10,4,6,2024,0,2.0,8.0,6.0,6.0
9v8mypma,Product_33,2024-06-13,13,7,6,2024,3,10.0,4.0,11.5,5.5
9v8mypma,Product_33,2024-06-17,18,5,6,2024,0,13.0,7.0,15.5,6.0
a0t3ugl9,Product_60,2024-01-03,1,1,1,2024,2,1.0,1.0,10.0,3.0
a0t3ugl9,Product_60,2024-01-15,19,5,1,2024,0,1.0,1.0,10.0,3.0
a0t3ugl9,Product_60,2024-03-01,20,8,3,2024,4,19.0,5.0,19.5,6.5
a0t3ugl9,Product_60,2024-03-04,3,5,3,2024,0,20.0,8.0,11.5,6.5
a0t3ugl9,Product_60,2024-03-20,1,2,3,2024,2,3.0,5.0,2.0,3.5
a0t3ugl9,Product_60,2024-03-28,20,1,3,2024,3,1.0,2.0,10.5,1.5
a0t3ugl9,Product_60,2024-05-06,20,5,5,2024,0,20.0,1.0,20.0,3.0
a0t3ugl9,Product_60,2024-05-08,16,9,5,2024,2,20.0,5.0,18.0,7.0
a0t3ugl9,Product_60,2024-05-09,5,10,5,2024,3,16.0,9.0,10.5,9.5
a0t3ugl9,Product_60,2024-05-23,19,0,5,2024,3,5.0,10.0,12.0,5.0
a34nl2zs,Product_23,2024-01-04,11,0,1,2024,3,11.0,0.0,15.0,3.5
a34nl2zs,Product_23,2024-01-30,19,7,1,2024,1,11.0,0.0,15.0,3.5
a34nl2zs,Product_23,2024-02-02,13,5,2,2024,4,19.0,7.0,16.0,6.0
a34nl2zs,Product_23,2024-02-12,6,6,2,2024,0,13.0,5.0,9.5,5.5
a34nl2zs,Product_23,2024-02-15,9,0,2,2024,3,6.0,6.0,7.5,3.0
a34nl2zs,Product_23,2024-04-09,14,9,4,2024,1,9.0,0.0,11.5,4.5
a34nl2zs,Product_23,2024-05-21,3,7,5,2024,1,14.0,9.0,8.5,8.0
a34nl2zs,Product_23,2024-05-30,5,5,5,2024,3,3.0,7.0,4.0,6.0
a34nl2zs,Product_23,2024-06-16,17,5,6,2024,6,5.0,5.0,11.0,5.0
a34nl2zs,Product_23,2024-06-16,2,1,6,2024,6,17.0,5.0,9.5,3.0
aemgeni9,Product_83,2024-01-08,9,4,1,2024,0,9.0,4.0,6.0,5.5
aemgeni9,Product_83,2024-01-25,3,7,1,2024,3,9.0,4.0,6.0,5.5
aemgeni9,Product_83,2024-01-29,15,0,1,2024,0,3.0,7.0,9.0,3.5
aemgeni9,Product_83,2024-02-16,3,8,2,2024,4,15.0,0.0,9.0,4.0
aemgeni9,Product_83,2024-02-20,16,10,2,2024,1,3.0,8.0,9.5,9.0
aemgeni9,Product_83,2024-02-20,16,5,2,2024,1,16.0,10.0,16.0,7.5
aemgeni9,Product_83,2024-02-22,2,2,2,2024,3,16.0,5.0,9.0,3.5
aemgeni9,Product_83,2024-03-01,12,5,3,2024,4,2.0,2.0,7.0,3.5
aemgeni9,Product_83,2024-03-08,3,0,3,2024,4,12.0,5.0,7.5,2.5
aemgeni9,Product_83,2024-04-21,18,0,4,2024,6,3.0,0.0,10.5,0.0
agjl6v7g,Product_97,2024-01-01,14,1,1,2024,0,14.0,1.0,8.5,3.0
agjl6v7g,Product_97,2024-01-04,3,5,1,2024,3,14.0,1.0,8.5,3.0
agjl6v7g,Product_97,2024-01-11,19,3,1,2024,3,3.0,5.0,11.0,4.0
agjl6v7g,Product_97,2024-02-11,15,7,2,2024,6,19.0,3.0,17.0,5.0
agjl6v7g,Product_97,2024-02-23,12,5,2,2024,4,15.0,7.0,13.5,6.0
agjl6v7g,Product_97,2024-03-23,9,6,3,2024,5,12.0,5.0,10.5,5.5
agjl6v7g,Product_97,2024-05-01,14,2,5,2024,2,9.0,6.0,11.5,4.0
agjl6v7g,Product_97,2024-05-23,3,3,5,2024,3,14.0,2.0,8.5,2.5
agjl6v7g,Product_97,2024-06-04,18,9,6,2024,1,3.0,3.0,10.5,6.0
agjl6v7g,Product_97,2024-06-21,12,0,6,2024,4,18.0,9.0,15.0,4.5
as42qyqe,Product_44,2024-01-06,16,6,1,2024,5,16.0,6.0,12.0,7.0
as42qyqe,Product_44,2024-01-18,8,8,1,2024,3,16.0,6.0,12.0,7.0
as42qyqe,Product_44,2024-02-02,6,9,2,2024,4,8.0,8.0,7.0,8.5
as42qyqe,Product_44,2024-02-09,15,2,2,2024,4,6.0,9.0,10.5,5.5
as42qyqe,Product_44,2024-03-14,15,9,3,2024,3,15.0,2.0,15.0,5.5
as42qyqe,Product_44,2024-03-28,18,10,3,2024,3,15.0,9.0,16.5,9.5
as42qyqe,Product_44,2024-03-31,8,3,3,2024,6,18.0,10.0,13.0,6.5
as42qyqe,Product_44,2024-04-06,10,2,4,2024,5,8.0,3.0,9.0,2.5
as42qyqe,Product_44,2024-04-27,20,0,4,2024,5,10.0,2.0,15.0,1.0
as42qyqe,Product_44,2024-05-11,8,10,5,2024,5,20.0,0.0,14.0,5.0
ashov6no,Product_48,2024-01-04,7,2,1,2024,3,7.0,2.0,6.5,4.0
ashov6no,Product_48,2024-01-08,6,6,1,2024,0,7.0,2.0,6.5,4.0
ashov6no,Product_48,2024-01-17,4,2,1,2024,2,6.0,6.0,5.0,4.0
ashov6no,Product_48,2024-01-29,4,9,1,2024,0,4.0,2.0,4.0,5.5
ashov6no,Product_48,2024-01-31,12,10,1,2024,2,4.0,9.0,8.0,9.5
ashov6no,Product_48,2024-02-13,18,2,2,2024,1,12.0,10.0,15.0,6.0
ashov6no,Product_48,2024-03-15,5,7,3,2024,4,18.0,2.0,11.5,4.5
ashov6no,Product_48,2024-04-15,18,10,4,2024,0,5.0,7.0,11.5,8.5
ashov6no,Product_48,2024-04-19,17,0,4,2024,4,18.0,10.0,17.5,5.0
ashov6no,Product_48,2024-06-23,15,3,6,2024,6,17.0,0.0,16.0,1.5
athc1cbc,Product_17,2024-01-17,12,6,1,2024,2,12.0,6.0,13.0,6.5
athc1cbc,Product_17,2024-02-03,14,7,2,2024,5,12.0,6.0,13.0,6.5
athc1cbc,Product_17,2024-03-25,11,5,3,2024,0,14.0,7.0,12.5,6.0
athc1cbc,Product_17,2024-03-28,4,6,3,2024,3,11.0,5.0,7.5,5.5
athc1cbc,Product_17,2024-04-07,5,2,4,2024,6,4.0,6.0,4.5,4.0
athc1cbc,Product_17,2024-04-15,11,0,4,2024,0,5.0,2.0,8.0,1.0
athc1cbc,Product_17,2024-05-10,5,0,5,2024,4,11.0,0.0,8.0,0.0
athc1cbc,Product_17,2024-05-20,12,0,5,2024,0,5.0,0.0,8.5,0.0
athc1cbc,Product_17,2024-06-23,1,6,6,2024,6,12.0,0.0,6.5,3.0
athc1cbc,Product_17,2024-06-28,13,2,6,2024,4,1.0,6.0,7.0,4.0
bcmubxwh,Product_98,2024-01-14,20,6,1,2024,6,20.0,6.0,14.0,4.5
bcmubxwh,Product_98,2024-02-06,8,3,2,2024,1,20.0,6.0,14.0,4.5
bcmubxwh,Product_98,2024-02-09,13,7,2,2024,4,8.0,3.0,10.5,5.0
bcmubxwh,Product_98,2024-03-01,5,1,3,2024,4,13.0,7.0,9.0,4.0
bcmubxwh,Product_98,2024-03-02,17,6,3,2024,5,5.0,1.0,11.0,3.5
bcmubxwh,Product_98,2024-03-29,5,10,3,2024,4,17.0,6.0,11.0,8.0
bcmubxwh,Product_98,2024-04-15,15,6,4,2024,0,5.0,10.0,10.0,8.0
bcmubxwh,Product_98,2024-04-24,12,9,4,2024,2,15.0,6.0,13.5,7.5
bcmubxwh,Product_98,2024-05-25,3,7,5,2024,5,12.0,9.0,7.5,8.0
bcmubxwh,Product_98,2024-06-11,6,2,6,2024,1,3.0,7.0,4.5,4.5
bo212711,Product_54,2024-02-07,8,5,2,2024,2,8.0,5.0,5.5,6.0
bo212711,Product_54,2024-02-21,3,7,2,2024,2,8.0,5.0,5.5,6.0
bo212711,Product_54,2024-03-21,1,1,3,2024,3,3.0,7.0,2.0,4.0
bo212711,Product_54,2024-03-22,9,8,3,2024,4,1.0,1.0,5.0,4.5
bo212711,Product_54,2024-04-14,7,1,4,2024,6,9.0,8.0,8.0,4.5
bo212711,Product_54,2024-05-23,11,10,5,2024,3,7.0,1.0,9.0,5.5
bo212711,Product_54,2024-05-23,1,7,5,2024,3,11.0,10.0,6.0,8.5
bo212711,Product_54,2024-05-25,11,2,5,2024,5,1.0,7.0,6.0,4.5
bo212711,Product_54,2024-05-31,12,3,5,2024,4,11.0,2.0,11.5,2.5
bo212711,Product_54,2024-06-10,4,4,6,2024,0,12.0,3.0,8.0,3.5
c2clawor,Product_90,2024-01-11,10,8,1,2024,3,10.0,8.0,14.0,7.0
c2clawor,Product_90,2024-02-06,18,6,2,2024,1,10.0,8.0,14.0,7.0
c2clawor,Product_90,2024-03-03,16,0,3,2024,6,18.0,6.0,17.0,3.0
c2clawor,Product_90,2024-03-15,4,6,3,2024,4,16.0,0.0,10.0,3.0
c2clawor,Product_90,2024-03-22,14,2,3,2024,4,4.0,6.0,9.0,4.0
c2clawor,Product_90,2024-04-20,11,0,4,2024,5,14.0,2.0,12.5,1.0
c2clawor,Product_90,2024-04-20,16,6,4,2024,5,11.0,0.0,13.5,3.0
c2clawor,Product_90,2024-05-09,8,1,5,2024,3,16.0,6.0,12.0,3.5
c2clawor,Product_90,2024-06-25,9,0,6,2024,1,8.0,1.0,8.5,0.5
c2clawor,Product_90,2024-06-29,10,9,6,2024,5,9.0,0.0,9.5,4.5
c4txwy9r,Product_70,2024-01-07,19,10,1,2024,6,19.0,10.0,19.0,5.0
c4txwy9r,Product_70,2024-01-23,19,0,1,2024,1,19.0,10.0,19.0,5.0
c4txwy9r,Product_70,2024-02-13,12,0,2,2024,1,19.0,0.0,15.5,0.0
c4txwy9r,Product_70,2024-03-01,6,2,3,2024,4,12.0,0.0,9.0,1.0
c4txwy9r,Product_70,2024-03-23,17,2,3,2024,5,6.0,2.0,11.5,2.0
c4txwy9r,Product_70,2024-03-30,11,6,3,2024,5,17.0,2.0,14.0,4.0
c4txwy9r,Product_70,2024-04-15,12,2,4,2024,0,11.0,6.0,11.5,4.0
c4txwy9r,Product_70,2024-05-08,1,4,5,2024,2,12.0,2.0,6.5,3.0
c4txwy9r,Product_70,2024-06-06,11,8,6,2024,3,1.0,4.0,6.0,6.0
c4txwy9r,Product_70,2024-06-23,20,6,6,2024,6,11.0,8.0,15.5,7.0
cywo0js1,Product_1,2024-01-03,10,10,1,2024,2,10.0,10.0,13.5,5.0
cywo0js1,Product_1,2024-01-07,17,0,1,2024,6,10.0,10.0,13.5,5.0
cywo0js1,Product_1,2024-01-10,7,0,1,2024,2,17.0,0.0,12.0,0.0
cywo0js1,Product_1,2024-02-25,14,0,2,2024,6,7.0,0.0,10.5,0.0
cywo0js1,Product_1,2024-03-03,8,6,3,2024,6,14.0,0.0,11.0,3.0
cywo0js1,Product_1,2024-03-25,7,5,3,2024,0,8.0,6.0,7.5,5.5
cywo0js1,Product_1,2024-05-04,8,4,5,2024,5,7.0,5.0,7.5,4.5
cywo0js1,Product_1,2024-05-12,9,2,5,2024,6,8.0,4.0,8.5,3.0
cywo0js1,Product_1,2024-05-18,3,0,5,2024,5,9.0,2.0,6.0,1.0
cywo0js1,Product_1,2024-06-05,15,3,6,2024,2,3.0,0.0,9.0,1.5
df224htk,Product_24,2024-01-02,20,2,1,2024,1,20.0,2.0,12.0,2.0
df224htk,Product_24,2024-03-05,4,2,3,2024,1,20.0,2.0,12.0,2.0
df224htk,Product_24,2024-03-13,15,6,3,2024,2,4.0,2.0,9.5,4.0
df224htk,Product_24,2024-03-18,20,3,3,2024,0,15.0,6.0,17.5,4.5
df224htk,Product_24,2024-04-02,12,5,4,2024,1,20.0,3.0,16.0,4.0
df224htk,Product_24,2024-04-19,19,8,4,2024,4,12.0,5.0,15.5,6.5
df224htk,Product_24,2024-05-16,3,9,5,2024,3,19.0,8.0,11.0,8.5
df224htk,Product_24,2024-05-25,14,6,5,2024,5,3.0,9.0,8.5,7.5
df224htk,Product_24,2024-06-04,4,4,6,2024,1,14.0,6.0,9.0,5.0
df224htk,Product_24,2024-06-09,8,5,6,2024,6,4.0,4.0,6.0,4.5
dwh23mo7,Product_80,2024-01-02,11,6,1,2024,1,11.0,6.0,8.0,7.0
dwh23mo7,Product_80,2024-01-16,5,8,1,2024,1,11.0,6.0,8.0,7.0
dwh23mo7,Product_80,2024-02-03,8,2,2,2024,5,5.0,8.0,6.5,5.0
dwh23mo7,Product_80,2024-03-20,2,7,3,2024,2,8.0,2.0,5.0,4.5
dwh23mo7,Product_80,2024-04-04,20,8,4,2024,3,2.0,7.0,11.0,7.5
dwh23mo7,Product_80,2024-04-05,3,5,4,2024,4,20.0,8.0,11.5,6.5
dwh23mo7,Product_80,2024-05-12,10,1,5,2024,6,3.0,5.0,6.5,3.0
dwh23mo7,Product_80,2024-05-23,4,7,5,2024,3,10.0,1.0,7.0,4.0
dwh23mo7,Product_80,2024-05-26,19,3,5,2024,6,4.0,7.0,11.5,5.0
dwh23mo7,Product_80,2024-06-22,16,6,6,2024,5,19.0,3.0,17.5,4.5
dx1yec2j,Product_31,2024-01-06,13,8,1,2024,5,13.0,8.0,12.0,4.0
dx1yec2j,Product_31,2024-01-23,11,0,1,2024,1,13.0,8.0,12.0,4.0
dx1yec2j,Product_31,2024-02-10,15,8,2,2024,5,11.0,0.0,13.0,4.0
dx1yec2j,Product_31,2024-02-11,1,5,2,2024,6,15.0,8.0,8.0,6.5
dx1yec2j,Product_31,2024-04-04,18,1,4,2024,3,1.0,5.0,9.5,3.0
dx1yec2j,Product_31,2024-05-07,10,3,5,2024,1,18.0,1.0,14.0,2.0
dx1yec2j,Product_31,2024-05-08,17,0,5,2024,2,10.0,3.0,13.5,1.5
dx1yec2j,Product_31,2024-05-15,13,1,5,2024,2,17.0,0.0,15.0,0.5
dx1yec2j,Product_31,2024-05-17,11,10,5,2024,4,13.0,1.0,12.0,5.5
dx1yec2j,Product_31,2024-05-19,13,0,5,2024,6,11.0,10.0,12.0,5.0
epo7oqum,Product_6,2024-01-08,5,6,1,2024,0,5.0,6.0,6.0,5.0
epo7oqum,Product_6,2024-01-19,7,4,1,2024,4,5.0,6.0,6.0,5.0
epo7oqum,Product_6,2024-02-03,6,7,2,2024,5,7.0,4.0,6.5,5.5
epo7oqum,Product_6,2024-02-15,14,3,2,2024,3,6.0,7.0,10.0,5.0
epo7oqum,Product_6,2024-02-28,14,2,2,2024,2,14.0,3.0,14.0,2.5
epo7oqum,Product_6,2024-03-04,3,8,3,2024,0,14.0,2.0,8.5,5.0
epo7oqum,Product_6,2024-03-08,1,9,3,2024,4,3.0,8.0,2.0,8.5
epo7oqum,Product_6,2024-05-06,9,2,5,2024,0,1.0,9.0,5.0,5.5
epo7oqum,Product_6,2024-06-01,20,7,6,2024,5,9.0,2.0,14.5,4.5
epo7oqum,Product_6,2024-06-25,16,5,6,2024,1,20.0,7.0,18.0,6.0
es6e5izj,Product_81,2024-01-30,15,4,1,2024,1,15.0,4.0,9.0,6.5
es6e5izj,Product_81,2024-03-30,3,9,3,2024,5,15.0,4.0,9.0,6.5
es6e5izj,Product_81,2024-04-04,1,9,4,2024,3,3.0,9.0,2.0,9.0
es6e5izj,Product_81,2024-04-06,12,7,4,2024,5,1.0,9.0,6.5,8.0
es6e5izj,Product_81,2024-05-01,7,9,5,2024,2,12.0,7.0,9.5,8.0
es6e5izj,Product_81,2024-05-02,17,7,5,2024,3,7.0,9.0,12.0,8.0
es6e5izj,Product_81,2024-05-18,2,10,5,2024,5,17.0,7.0,9.5,8.5
es6e5izj,Product_81,2024-05-30,12,0,5,2024,3,2.0,10.0,7.0,5.0
es6e5izj,Product_81,2024-06-15,15,5,6,2024,5,12.0,0.0,13.5,2.5
es6e5izj,Product_81,2024-06-27,14,4,6,2024,3,15.0,5.0,14.5,4.5
f6cwqa1f,Product_55,2024-01-15,15,10,1,2024,0,15.0,10.0,14.0,7.5
f6cwqa1f,Product_55,2024-01-18,13,5,1,2024,3,15.0,10.0,14.0,7.5
f6cwqa1f,Product_55,2024-01-24,20,7,1,2024,2,13.0,5.0,16.5,6.0
f6cwqa1f,Product_55,2024-02-02,19,8,2,2024,4,20.0,7.0,19.5,7.5
f6cwqa1f,Product_55,2024-02-03,2,7,2,2024,5,19.0,8.0,10.5,7.5
f6cwqa1f,Product_55,2024-03-02,11,1,3,2024,5,2.0,7.0,6.5,4.0
f6cwqa1f,Product_55,2024-03-11,20,10,3,2024,0,11.0,1.0,15.5,5.5
f6cwqa1f,Product_55,2024-03-30,14,6,3,2024,5,20.0,10.0,17.0,8.0
f6cwqa1f,Product_55,2024-04-25,4,1,4,2024,3,14.0,6.0,9.0,3.5
f6cwqa1f,Product_55,2024-06-09,12,5,6,2024,6,4.0,1.0,8.0,3.0
fasewyqk,Product_15,2024-01-01,11,1,1,2024,0,11.0,1.0,6.0,3.0
fasewyqk,Product_15,2024-01-03,1,5,1,2024,2,11.0,1.0,6.0,3.0
fasewyqk,Product_15,2024-01-05,4,0,1,2024,4,1.0,5.0,2.5,2.5
fasewyqk,Product_15,2024-01-17,20,2,1,2024,2,4.0,0.0,12.0,1.0
fasewyqk,Product_15,2024-01-22,18,1,1,2024,0,20.0,2.0,19.0,1.5
fasewyqk,Product_15,2024-01-24,10,4,1,2024,2,18.0,1.0,14.0,2.5
fasewyqk,Product_15,2024-01-25,19,6,1,2024,3,10.0,4.0,14.5,5.0
fasewyqk,Product_15,2024-03-18,16,1,3,2024,0,19.0,6.0,17.5,3.5
fasewyqk,Product_15,2024-05-01,20,1,5,2024,2,16.0,1.0,18.0,1.0
fasewyqk,Product_15,2024-06-16,12,8,6,2024,6,20.0,1.0,16.0,4.5
fh3ozivp,Product_100,2024-02-12,8,5,2,2024,0,8.0,5.0,8.0,3.0
fh3ozivp,Product_100,2024-02-15,8,1,2,2024,3,8.0,5.0,8.0,3.0
fh3ozivp,Product_100,2024-03-01,8,1,3,2024,4,8.0,1.0,8.0,1.0
fh3ozivp,Product_100,2024-03-12,10,4,3,2024,1,8.0,1.0,9.0,2.5
fh3ozivp,Product_100,2024-03-30,2,5,3,2024,5,10.0,4.0,6.0,4.5
fh3ozivp,Product_100,2024-04-20,20,0,4,2024,5,2.0,5.0,11.0,2.5
fh3ozivp,Product_100,2024-05-13,14,6,5,2024,0,20.0,0.0,17.0,3.0
fh3ozivp,Product_100,2024-05-25,12,0,5,2024,5,14.0,6.0,13.0,3.0
fh3ozivp,Product_100,2024-06-04,14,0,6,2024,1,12.0,0.0,13.0,0.0
fh3ozivp,Product_100,2024-06-19,2,5,6,2024,2,14.0,0.0,8.0,2.5
ged1gtc1,Product_10,2024-02-05,14,9,2,2024,0,14.0,9.0,9.0,8.0
ged1gtc1,Product_10,2024-03-26,4,7,3,2024,1,14.0,9.0,9.0,8.0
ged1gtc1,Product_10,2024-04-07,19,0,4,2024,6,4.0,7.0,11.5,3.5
ged1gtc1,Product_10,2024-05-25,20,7,5,2024,5,19.0,0.0,19.5,3.5
ged1gtc1,Product_10,2024-05-26,16,2,5,2024,6,20.0,7.0,18.0,4.5
ged1gtc1,Product_10,2024-05-28,6,0,5,2024,1,16.0,2.0,11.0,1.0
ged1gtc1,Product_10,2024-06-06,7,3,6,2024,3,6.0,0.0,6.5,1.5
ged1gtc1,Product_10,2024-06-11,5,9,6,2024,1,7.0,3.0,6.0,6.0
ged1gtc1,Product_10,2024-06-19,20,10,6,2024,2,5.0,9.0,12.5,9.5
ged1gtc1,Product_10,2024-06-22,11,1,6,2024,5,20.0,10.0,15.5,5.5
gfpalfa8,Product_78,2024-01-02,20,10,1,2024,1,20.0,10.0,12.5,7.0
gfpalfa8,Product_78,2024-01-19,5,4,1,2024,4,20.0,10.0,12.5,7.0
gfpalfa8,Product_78,2024-01-30,16,10,1,2024,1,5.0,4.0,10.5,7.0
gfpalfa8,Product_78,2024-02-02,1,0,2,2024,4,16.0,10.0,8.5,5.0
gfpalfa8,Product_78,2024-02-06,4,2,2,2024,1,1.0,0.0,2.5,1.0
gfpalfa8,Product_78,2024-02-10,9,7,2,2024,5,4.0,2.0,6.5,4.5
gfpalfa8,Product_78,2024-02-12,16,2,2,2024,0,9.0,7.0,12.5,4.5
gfpalfa8,Product_78,2024-05-04,14,2,5,2024,5,16.0,2.0,15.0,2.0
gfpalfa8,Product_78,2024-05-08,20,0,5,2024,2,14.0,2.0,17.0,1.0
gfpalfa8,Product_78,2024-06-15,7,3,6,2024,5,20.0,0.0,13.5,1.5
goje0z3c,Product_27,2024-01-01,7,4,1,2024,0,7.0,4.0,4.5,3.5
goje0z3c,Product_27,2024-01-07,2,3,1,2024,6,7.0,4.0,4.5,3.5
goje0z3c,Product_27,2024-01-26,10,2,1,2024,4,2.0,3.0,6.0,2.5
goje0z3c,Product_27,2024-02-10,4,0,2,2024,5,10.0,2.0,7.0,1.0
goje0z3c,Product_27,2024-03-02,13,3,3,2024,5,4.0,0.0,8.5,1.5
goje0z3c,Product_27,2024-03-05,3,9,3,2024,1,13.0,3.0,8.0,6.0
goje0z3c,Product_27,2024-03-24,15,1,3,2024,6,3.0,9.0,9.0,5.0
goje0z3c,Product_27,2024-04-20,12,1,4,2024,5,15.0,1.0,13.5,1.0
goje0z3c,Product_27,2024-05-21,15,9,5,2024,1,12.0,1.0,13.5,5.0
goje0z3c,Product_27,2024-06-08,5,7,6,2024,5,15.0,9.0,10.0,8.0
h4papktr,Product_28,2024-01-11,19,7,1,2024,3,19.0,7.0,18.0,8.0
h4papktr,Product_28,2024-01-13,17,9,1,2024,5,19.0,7.0,18.0,8.0
h4papktr,Product_28,2024-03-03,8,8,3,2024,6,17.0,9.0,12.5,8.5
h4papktr,Product_28,2024-03-30,18,3,3,2024,5,8.0,8.0,13.0,5.5
h4papktr,Product_28,2024-04-11,16,8,4,2024,3,18.0,3.0,17.0,5.5
h4papktr,Product_28,2024-04-22,8,1,4,2024,0,16.0,8.0,12.0,4.5
h4papktr,Product_28,2024-05-09,7,8,5,2024,3,8.0,1.0,7.5,4.5
h4papktr,Product_28,2024-05-24,18,3,5,2024,4,7.0,8.0,12.5,5.5
h4papktr,Product_28,2024-06-04,5,0,6,2024,1,18.0,3.0,11.5,1.5
h4papktr,Product_28,2024-06-12,10,3,6,2024,2,5.0,0.0,7.5,1.5
hpet9sg6,Product_9,2024-01-11,2,4,1,2024,3,2.0,4.0,5.5,2.0
hpet9sg6,Product_9,2024-01-19,9,0,1,2024,4,2.0,4.0,5.5,2.0
hpet9sg6,Product_9,2024-01-31,20,10,1,2024,2,9.0,0.0,14.5,5.0
hpet9sg6,Product_9,2024-02-28,11,0,2,2024,2,20.0,10.0,15.5,5.0
hpet9sg6,Product_9,2024-03-21,10,8,3,2024,3,11.0,0.0,10.5,4.0
hpet9sg6,Product_9,2024-03-23,8,10,3,2024,5,10.0,8.0,9.0,9.0
hpet9sg6,Product_9,2024-03-27,6,4,3,2024,2,8.0,10.0,7.0,7.0
hpet9sg6,Product_9,2024-05-08,4,5,5,2024,2,6.0,4.0,5.0,4.5
hpet9sg6,Product_9,2024-05-29,18,1,5,2024,2,4.0,5.0,11.0,3.0
hpet9sg6,Product_9,2024-06-18,20,10,6,2024,1,18.0,1.0,19.0,5.5
hrp79rw7,Product_56,2024-01-04,8,9,1,2024,3,8.0,9.0,12.0,6.5
hrp79rw7,Product_56,2024-01-26,16,4,1,2024,4,8.0,9.0,12.0,6.5
hrp79rw7,Product_56,2024-02-01,19,3,2,2024,3,16.0,4.0,17.5,3.5
hrp79rw7,Product_56,2024-02-10,7,5,2,2024,5,19.0,3.0,13.0,4.0
hrp79rw7,Product_56,2024-02-19,7,4,2,2024,0,7.0,5.0,7.0,4.5
hrp79rw7,Product_56,2024-02-27,12,4,2,2024,1,7.0,4.0,9.5,4.0
hrp79rw7,Product_56,2024-04-04,8,7,4,2024,3,12.0,4.0,10.0,5.5
hrp79rw7,Product_56,2024-04-15,16,0,4,2024,0,8.0,7.0,12.0,3.5
hrp79rw7,Product_56,2024-05-12,13,5,5,2024,6,16.0,0.0,14.5,2.5
hrp79rw7,Product_56,2024-05-31,19,6,5,2024,4,13.0,5.0,16.0,5.5
jea4pr7j,Product_85,2024-01-03,10,8,1,2024,2,10.0,8.0,14.5,6.5
jea4pr7j,Product_85,2024-02-24,19,5,2,2024,5,10.0,8.0,14.5,6.5
jea4pr7j,Product_85,2024-03-03,17,5,3,2024,6,19.0,5.0,18.0,5.0
jea4pr7j,Product_85,2024-04-06,14,7,4,2024,5,17.0,5.0,15.5,6.0
jea4pr7j,Product_85,2024-04-08,12,9,4,2024,0,14.0,7.0,13.0,8.0
jea4pr7j,Product_85,2024-05-10,8,10,5,2024,4,12.0,9.0,10.0,9.5
jea4pr7j,Product_85,2024-05-15,13,2,5,2024,2,8.0,10.0,10.5,6.0
jea4pr7j,Product_85,2024-05-16,6,7,5,2024,3,13.0,2.0,9.5,4.5
jea4pr7j,Product_85,2024-05-28,7,8,5,2024,1,6.0,7.0,6.5,7.5
jea4pr7j,Product_85,2024-06-29,18,2,6,2024,5,7.0,8.0,12.5,5.0
jq5jltnu,Product_74,2024-01-24,5,2,1,2024,2,5.0,2.0,12.0,3.0
jq5jltnu,Product_74,2024-02-28,19,4,2,2024,2,5.0,2.0,12.0,3.0
jq5jltnu,Product_74,2024-04-05,4,7,4,2024,4,19.0,4.0,11.5,5.5
jq5jltnu,Product_74,2024-04-23,9,6,4,2024,1,4.0,7.0,6.5,6.5
jq5jltnu,Product_74,2024-04-27,18,1,4,2024,5,9.0,6.0,13.5,3.5
jq5jltnu,Product_74,2024-05-02,3,2,5,2024,3,18.0,1.0,10.5,1.5
jq5jltnu,Product_74,2024-05-30,8,6,5,2024,3,3.0,2.0,5.5,4.0
jq5jltnu,Product_74,2024-06-14,20,4,6,2024,4,8.0,6.0,14.0,5.0
jq5jltnu,Product_74,2024-06-15,1,6,6,2024,5,20.0,4.0,10.5,5.0
jq5jltnu,Product_74,2024-06-21,1,0,6,2024,4,1.0,6.0,1.0,3.0
jz2q2rzy,Product_29,2024-01-06,7,10,1,2024,5,7.0,10.0,12.0,7.5
jz2q2rzy,Product_29,2024-02-12,17,5,2,2024,0,7.0,10.0,12.0,7.5
jz2q2rzy,Product_29,2024-02-19,2,7,2,2024,0,17.0,5.0,9.5,6.0
jz2q2rzy,Product_29,2024-03-04,19,10,3,2024,0,2.0,7.0,10.5,8.5
jz2q2rzy,Product_29,2024-03-06,5,9,3,2024,2,19.0,10.0,12.0,9.5
jz2q2rzy,Product_29,2024-03-31,5,6,3,2024,6,5.0,9.0,5.0,7.5
jz2q2rzy,Product_29,2024-04-04,11,7,4,2024,3,5.0,6.0,8.0,6.5
jz2q2rzy,Product_29,2024-04-21,5,9,4,2024,6,11.0,7.0,8.0,8.0
jz2q2rzy,Product_29,2024-04-28,8,8,4,2024,6,5.0,9.0,6.5,8.5
jz2q2rzy,Product_29,2024-06-06,2,10,6,2024,3,8.0,8.0,5.0,9.0
koxi5y9s,Product_49,2024-02-18,11,1,2,2024,6,11.0,1.0,11.0,2.0
koxi5y9s,Product_49,2024-03-01,11,3,3,2024,4,11.0,1.0,11.0,2.0
koxi5y9s,Product_49,2024-03-18,16,7,3,2024,0,11.0,3.0,13.5,5.0
koxi5y9s,Product_49,2024-03-24,17,7,3,2024,6,16.0,7.0,16.5,7.0
koxi5y9s,Product_49,2024-04-20,6,9,4,2024,5,17.0,7.0,11.5,8.0
koxi5y9s,Product_49,2024-04-30,7,6,4,2024,1,6.0,9.0,6.5,7.5
koxi5y9s,Product_49,2024-05-11,2,7,5,2024,5,7.0,6.0,4.5,6.5
koxi5y9s,Product_49,2024-05-24,18,7,5,2024,4,2.0,7.0,10.0,7.0
koxi5y9s,Product_49,2024-06-04,6,1,6,2024,1,18.0,7.0,12.0,4.0
koxi5y9s,Product_49,2024-06-12,10,1,6,2024,2,6.0,1.0,8.0,1.0
kzdvyxdn,Product_47,2024-01-10,4,5,1,2024,2,4.0,5.0,6.5,5.5
kzdvyxdn,Product_47,2024-01-25,9,6,1,2024,3,4.0,5.0,6.5,5.5
kzdvyxdn,Product_47,2024-02-01,8,0,2,2024,3,9.0,6.0,8.5,3.0
kzdvyxdn,Product_47,2024-02-06,1,0,2,2024,1,8.0,0.0,4.5,0.0
kzdvyxdn,Product_47,2024-02-09,1,6,2,2024,4,1.0,0.0,1.0,3.0
kzdvyxdn,Product_47,2024-02-17,11,1,2,2024,5,1.0,6.0,6.0,3.5
kzdvyxdn,Product_47,2024-02-21,6,6,2,2024,2,11.0,1.0,8.5,3.5
kzdvyxdn,Product_47,2024-04-20,3,6,4,2024,5,6.0,6.0,4.5,6.0
kzdvyxdn,Product_47,2024-05-15,1,10,5,2024,2,3.0,6.0,2.0,8.0
kzdvyxdn,Product_47,2024-05-25,20,8,5,2024,5,1.0,10.0,10.5,9.0
l8bbfohz,Product_11,2024-01-10,18,8,1,2024,2,18.0,8.0,17.0,8.5
l8bbfohz,Product_11,2024-02-11,16,9,2,2024,6,18.0,8.0,17.0,8.5
l8bbfohz,Product_11,2024-02-13,15,7,2,2024,1,16.0,9.0,15.5,8.0
l8bbfohz,Product_11,2024-03-03,5,5,3,2024,6,15.0,7.0,10.0,6.0
l8bbfohz,Product_11,2024-03-12,18,9,3,2024,1,5.0,5.0,11.5,7.0
l8bbfohz,Product_11,2024-04-11,6,3,4,2024,3,18.0,9.0,12.0,6.0
l8bbfohz,Product_11,2024-04-18,20,4,4,2024,3,6.0,3.0,13.0,3.5
l8bbfohz,Product_11,2024-04-26,20,6,4,2024,4,20.0,4.0,20.0,5.0
l8bbfohz,Product_11,2024-04-26,8,5,4,2024,4,20.0,6.0,14.0,5.5
l8bbfohz,Product_11,2024-06-09,17,2,6,2024,6,8.0,5.0,12.5,3.5
lw7zp3a7,Product_52,2024-01-06,11,1,1,2024,5,11.0,1.0,11.5,1.5
lw7zp3a7,Product_52,2024-01-11,12,2,1,2024,3,11.0,1.0,11.5,1.5
lw7zp3a7,Product_52,2024-01-27,6,4,1,2024,5,12.0,2.0,9.0,3.0
lw7zp3a7,Product_52,2024-02-05,5,10,2,2024,0,6.0,4.0,5.5,7.0
lw7zp3a7,Product_52,2024-02-17,18,6,2,2024,5,5.0,10.0,11.5,8.0
lw7zp3a7,Product_52,2024-02-20,11,9,2,2024,1,18.0,6.0,14.5,7.5
lw7zp3a7,Product_52,2024-02-22,11,4,2,2024,3,11.0,9.0,11.0,6.5
lw7zp3a7,Product_52,2024-04-30,6,3,4,2024,1,11.0,4.0,8.5,3.5
lw7zp3a7,Product_52,2024-06-09,3,4,6,2024,6,6.0,3.0,4.5,3.5
lw7zp3a7,Product_52,2024-06-21,16,5,6,2024,4,3.0,4.0,9.5,4.5
m4oc8yqq,Product_66,2024-01-19,12,1,1,2024,4,12.0,1.0,8.5,0.5
m4oc8yqq,Product_66,2024-01-26,5,0,1,2024,4,12.0,1.0,8.5,0.5
m4oc8yqq,Product_66,2024-01-29,7,8,1,2024,0,5.0,0.0,6.0,4.0
m4oc8yqq,Product_66,2024-02-01,3,1,2,2024,3,7.0,8.0,5.0,4.5
m4oc8yqq,Product_66,2024-03-18,6,7,3,2024,0,3.0,1.0,4.5,4.0
m4oc8yqq,Product_66,2024-03-26,20,7,3,2024,1,6.0,7.0,13.0,7.0
m4oc8yqq,Product_66,2024-04-08,15,4,4,2024,0,20.0,7.0,17.5,5.5
m4oc8yqq,Product_66,2024-04-30,19,1,4,2024,1,15.0,4.0,17.0,2.5
m4oc8yqq,Product_66,2024-06-17,13,6,6,2024,0,19.0,1.0,16.0,3.5
m4oc8yqq,Product_66,2024-06-22,17,6,6,2024,5,13.0,6.0,15.0,6.0
m8npqwir,Product_58,2024-01-28,2,3,1,2024,6,2.0,3.0,10.5,2.0
m8npqwir,Product_58,2024-02-19,19,1,2,2024,0,2.0,3.0,10.5,2.0
m8npqwir,Product_58,2024-03-04,4,1,3,2024,0,19.0,1.0,11.5,1.0
m8npqwir,Product_58,2024-03-08,15,4,3,2024,4,4.0,1.0,9.5,2.5
m8npqwir,Product_58,2024-03-25,14,5,3,2024,0,15.0,4.0,14.5,4.5
m8npqwir,Product_58,2024-03-28,5,9,3,2024,3,14.0,5.0,9.5,7.0
m8npqwir,Product_58,2024-04-14,19,8,4,2024,6,5.0,9.0,12.0,8.5
m8npqwir,Product_58,2024-04-27,14,2,4,2024,5,19.0,8.0,16.5,5.0
m8npqwir,Product_58,2024-06-16,5,10,6,2024,6,14.0,2.0,9.5,6.0
m8npqwir,Product_58,2024-06-26,1,5,6,2024,2,5.0,10.0,3.0,7.5
mgkaq5ea,Product_79,2024-01-11,4,5,1,2024,3,4.0,5.0,11.0,4.5
mgkaq5ea,Product_79,2024-02-21,18,4,2,2024,2,4.0,5.0,11.0,4.5
mgkaq5ea,Product_79,2024-03-17,10,9,3,2024,6,18.0,4.0,14.0,6.5
mgkaq5ea,Product_79,2024-03-19,7,10,3,2024,1,10.0,9.0,8.5,9.5
mgkaq5ea,Product_79,2024-04-05,8,5,4,2024,4,7.0,10.0,7.5,7.5
mgkaq5ea,Product_79,2024-04-11,3,1,4,2024,3,8.0,5.0,5.5,3.0
mgkaq5ea,Product_79,2024-05-17,13,6,5,2024,4,3.0,1.0,8.0,3.5
mgkaq5ea,Product_79,2024-06-02,5,6,6,2024,6,13.0,6.0,9.0,6.0
mgkaq5ea,Product_79,2024-06-25,17,10,6,2024,1,5.0,6.0,11.0,8.0
mgkaq5ea,Product_79,2024-06-26,18,6,6,2024,2,17.0,10.0,17.5,8.0
o4d4a42t,Product_61,2024-01-04,14,10,1,2024,3,14.0,10.0,8.0,9.0
o4d4a42t,Product_61,2024-01-06,2,8,1,2024,5,14.0,10.0,8.0,9.0
o4d4a42t,Product_61,2024-02-03,3,1,2,2024,5,2.0,8.0,2.5,4.5
o4d4a42t,Product_61,2024-03-05,11,6,3,2024,1,3.0,1.0,7.0,3.5
o4d4a42t,Product_61,2024-03-20,5,5,3,2024,2,11.0,6.0,8.0,5.5
o4d4a42t,Product_61,2024-04-09,3,9,4,2024,1,5.0,5.0,4.0,7.0
o4d4a42t,Product_61,2024-05-01,5,3,5,2024,2,3.0,9.0,4.0,6.0
o4d4a42t,Product_61,2024-05-16,16,8,5,2024,3,5.0,3.0,10.5,5.5
o4d4a42t,Product_61,2024-05-26,18,10,5,2024,6,16.0,8.0,17.0,9.0
o4d4a42t,Product_61,2024-06-17,2,8,6,2024,0,18.0,10.0,10.0,9.0
ojw22m2s,Product_36,2024-01-01,11,3,1,2024,0,11.0,3.0,8.5,2.5
ojw22m2s,Product_36,2024-01-22,6,2,1,2024,0,11.0,3.0,8.5,2.5
ojw22m2s,Product_36,2024-02-22,9,10,2,2024,3,6.0,2.0,7.5,6.0
ojw22m2s,Product_36,2024-02-27,3,8,2,2024,1,9.0,10.0,6.0,9.0
ojw22m2s,Product_36,2024-03-19,20,5,3,2024,1,3.0,8.0,11.5,6.5
ojw22m2s,Product_36,2024-03-30,18,3,3,2024,5,20.0,5.0,19.0,4.0
ojw22m2s,Product_36,2024-04-08,18,1,4,2024,0,18.0,3.0,18.0,2.0
ojw22m2s,Product_36,2024-04-18,11,8,4,2024,3,18.0,1.0,14.5,4.5
ojw22m2s,Product_36,2024-04-22,20,7,4,2024,0,11.0,8.0,15.5,7.5
ojw22m2s,Product_36,2024-06-20,19,9,6,2024,3,20.0,7.0,19.5,8.0
oxa8a8re,Product_75,2024-02-12,18,3,2,2024,0,18.0,3.0,9.5,5.5
oxa8a8re,Product_75,2024-02-22,1,8,2,2024,3,18.0,3.0,9.5,5.5
oxa8a8re,Product_75,2024-02-23,10,4,2,2024,4,1.0,8.0,5.5,6.0
oxa8a8re,Product_75,2024-03-04,20,0,3,2024,0,10.0,4.0,15.0,2.0
oxa8a8re,Product_75,2024-04-16,14,6,4,2024,1,20.0,0.0,17.0,3.0
oxa8a8re,Product_75,2024-05-18,13,1,5,2024,5,14.0,6.0,13.5,3.5
oxa8a8re,Product_75,2024-05-22,10,4,5,2024,2,13.0,1.0,11.5,2.5
oxa8a8re,Product_75,2024-05-31,6,6,5,2024,4,10.0,4.0,8.0,5.0
oxa8a8re,Product_75,2024-06-13,7,10,6,2024,3,6.0,6.0,6.5,8.0
oxa8a8re,Product_75,2024-06-25,5,6,6,2024,1,7.0,10.0,6.0,8.0
p99cbgrs,Product_50,2024-01-03,14,2,1,2024,2,14.0,2.0,13.0,4.0
p99cbgrs,Product_50,2024-01-19,12,6,1,2024,4,14.0,2.0,13.0,4.0
p99cbgrs,Product_50,2024-01-21,11,7,1,2024,6,12.0,6.0,11.5,6.5
p99cbgrs,Product_50,2024-03-03,1,9,3,2024,6,11.0,7.0,6.0,8.0
p99cbgrs,Product_50,2024-03-28,19,1,3,2024,3,1.0,9.0,10.0,5.0
p99cbgrs,Product_50,2024-05-17,19,9,5,2024,4,19.0,1.0,19.0,5.0
p99cbgrs,Product_50,2024-05-20,4,8,5,2024,0,19.0,9.0,11.5,8.5
p99cbgrs,Product_50,2024-05-29,8,0,5,2024,2,4.0,8.0,6.0,4.0
p99cbgrs,Product_50,2024-06-01,7,1,6,2024,5,8.0,0.0,7.5,0.5
p99cbgrs,Product_50,2024-06-18,9,1,6,2024,1,7.0,1.0,8.0,1.0
pfrxp9qq,Product_99,2024-01-17,4,5,1,2024,2,4.0,5.0,5.0,7.5
pfrxp9qq,Product_99,2024-01-23,6,10,1,2024,1,4.0,5.0,5.0,7.5
pfrxp9qq,Product_99,2024-02-29,11,0,2,2024,3,6.0,10.0,8.5,5.0
pfrxp9qq,Product_99,2024-03-06,6,10,3,2024,2,11.0,0.0,8.5,5.0
pfrxp9qq,Product_99,2024-04-21,17,5,4,2024,6,6.0,10.0,11.5,7.5
pfrxp9qq,Product_99,2024-04-26,18,3,4,2024,4,17.0,5.0,17.5,4.0
pfrxp9qq,Product_99,2024-05-17,10,10,5,2024,4,18.0,3.0,14.0,6.5
pfrxp9qq,Product_99,2024-05-18,18,5,5,2024,5,10.0,10.0,14.0,7.5
pfrxp9qq,Product_99,2024-05-25,2,7,5,2024,5,18.0,5.0,10.0,6.0
pfrxp9qq,Product_99,2024-06-23,14,10,6,2024,6,2.0,7.0,8.0,8.5
q1n9og5x,Product_34,2024-01-19,8,2,1,2024,4,8.0,2.0,7.5,3.0
q1n9og5x,Product_34,2024-02-26,7,4,2,2024,0,8.0,2.0,7.5,3.0
q1n9og5x,Product_34,2024-02-29,11,4,2,2024,3,7.0,4.0,9.0,4.0
q1n9og5x,Product_34,2024-03-09,13,9,3,2024,5,11.0,4.0,12.0,6.5
q1n9og5x,Product_34,2024-03-15,10,9,3,2024,4,13.0,9.0,11.5,9.0
q1n9og5x,Product_34,2024-03-21,1,5,3,2024,3,10.0,9.0,5.5,7.0
q1n9og5x,Product_34,2024-05-11,14,4,5,2024,5,1.0,5.0,7.5,4.5
q1n9og5x,Product_34,2024-05-19,12,5,5,2024,6,14.0,4.0,13.0,4.5
q1n9og5x,Product_34,2024-06-26,15,9,6,2024,2,12.0,5.0,13.5,7.0
q1n9og5x,Product_34,2024-06-28,7,7,6,2024,4,15.0,9.0,11.0,8.0
qjsh8s5j,Product_57,2024-01-29,8,8,1,2024,0,8.0,8.0,10.0,8.0
qjsh8s5j,Product_57,2024-01-31,12,8,1,2024,2,8.0,8.0,10.0,8.0
qjsh8s5j,Product_57,2024-02-23,14,10,2,2024,4,12.0,8.0,13.0,9.0
qjsh8s5j,Product_57,2024-03-03,3,0,3,2024,6,14.0,10.0,8.5,5.0
qjsh8s5j,Product_57,2024-03-22,6,4,3,2024,4,3.0,0.0,4.5,2.0
qjsh8s5j,Product_57,2024-03-30,11,3,3,2024,5,6.0,4.0,8.5,3.5
qjsh8s5j,Product_57,2024-04-01,5,2,4,2024,0,11.0,3.0,8.0,2.5
qjsh8s5j,Product_57,2024-05-21,1,5,5,2024,1,5.0,2.0,3.0,3.5
qjsh8s5j,Product_57,2024-05-25,18,2,5,2024,5,1.0,5.0,9.5,3.5
qjsh8s5j,Product_57,2024-06-26,6,4,6,2024,2,18.0,2.0,12.0,3.0
qzv06dlm,Product_69,2024-01-01,15,0,1,2024,0,15.0,0.0,9.5,0.0
qzv06dlm,Product_69,2024-02-13,4,0,2,2024,1,15.0,0.0,9.5,0.0
qzv06dlm,Product_69,2024-03-11,18,0,3,2024,0,4.0,0.0,11.0,0.0
qzv06dlm,Product_69,2024-03-15,6,9,3,2024,4,18.0,0.0,12.0,4.5
qzv06dlm,Product_69,2024-04-07,20,6,4,2024,6,6.0,9.0,13.0,7.5
qzv06dlm,Product_69,2024-04-21,15,8,4,2024,6,20.0,6.0,17.5,7.0
qzv06dlm,Product_69,2024-04-30,4,3,4,2024,1,15.0,8.0,9.5,5.5
qzv06dlm,Product_69,2024-05-10,4,0,5,2024,4,4.0,3.0,4.0,1.5
qzv06dlm,Product_69,2024-06-05,9,1,6,2024,2,4.0,0.0,6.5,0.5
qzv06dlm,Product_69,2024-06-24,2,3,6,2024,0,9.0,1.0,5.5,2.0
sqi9n1q4,Product_76,2024-01-05,10,7,1,2024,4,10.0,7.0,15.0,5.5
sqi9n1q4,Product_76,2024-01-31,20,4,1,2024,2,10.0,7.0,15.0,5.5
sqi9n1q4,Product_76,2024-02-04,18,2,2,2024,6,20.0,4.0,19.0,3.0
sqi9n1q4,Product_76,2024-02-19,3,3,2,2024,0,18.0,2.0,10.5,2.5
sqi9n1q4,Product_76,2024-04-04,9,1,4,2024,3,3.0,3.0,6.0,2.0
sqi9n1q4,Product_76,2024-04-25,19,2,4,2024,3,9.0,1.0,14.0,1.5
sqi9n1q4,Product_76,2024-05-09,4,5,5,2024,3,19.0,2.0,11.5,3.5
sqi9n1q4,Product_76,2024-05-23,14,6,5,2024,3,4.0,5.0,9.0,5.5
sqi9n1q4,Product_76,2024-05-29,4,4,5,2024,2,14.0,6.0,9.0,5.0
sqi9n1q4,Product_76,2024-06-17,20,3,6,2024,0,4.0,4.0,12.0,3.5
tk54nrqf,Product_65,2024-01-01,10,3,1,2024,0,10.0,3.0,9.5,1.5
tk54nrqf,Product_65,2024-01-20,9,0,1,2024,5,10.0,3.0,9.5,1.5
tk54nrqf,Product_65,2024-03-12,20,5,3,2024,1,9.0,0.0,14.5,2.5
tk54nrqf,Product_65,2024-03-27,4,3,3,2024,2,20.0,5.0,12.0,4.0
tk54nrqf,Product_65,2024-03-29,16,2,3,2024,4,4.0,3.0,10.0,2.5
tk54nrqf,Product_65,2024-04-02,9,4,4,2024,1,16.0,2.0,12.5,3.0
tk54nrqf,Product_65,2024-04-19,19,4,4,2024,4,9.0,4.0,14.0,4.0
tk54nrqf,Product_65,2024-05-07,14,9,5,2024,1,19.0,4.0,16.5,6.5
tk54nrqf,Product_65,2024-06-07,5,10,6,2024,4,14.0,9.0,9.5,9.5
tk54nrqf,Product_65,2024-06-22,15,1,6,2024,5,5.0,10.0,10.0,5.5
uoheavtc,Product_68,2024-01-04,6,9,1,2024,3,6.0,9.0,11.0,7.5
uoheavtc,Product_68,2024-01-14,16,6,1,2024,6,6.0,9.0,11.0,7.5
uoheavtc,Product_68,2024-01-25,11,6,1,2024,3,16.0,6.0,13.5,6.0
uoheavtc,Product_68,2024-02-02,7,7,2,2024,4,11.0,6.0,9.0,6.5
uoheavtc,Product_68,2024-02-16,19,2,2,2024,4,7.0,7.0,13.0,4.5
uoheavtc,Product_68,2024-02-27,20,10,2,2024,1,19.0,2.0,19.5,6.0
uoheavtc,Product_68,2024-03-14,19,0,3,2024,3,20.0,10.0,19.5,5.0
uoheavtc,Product_68,2024-04-03,15,1,4,2024,2,19.0,0.0,17.0,0.5
uoheavtc,Product_68,2024-06-11,17,3,6,2024,1,15.0,1.0,16.0,2.0
uoheavtc,Product_68,2024-06-19,6,2,6,2024,2,17.0,3.0,11.5,2.5
uphqw8c2,Product_18,2024-01-15,19,2,1,2024,0,19.0,2.0,14.5,2.0
uphqw8c2,Product_18,2024-01-16,10,2,1,2024,1,19.0,2.0,14.5,2.0
uphqw8c2,Product_18,2024-01-25,16,4,1,2024,3,10.0,2.0,13.0,3.0
uphqw8c2,Product_18,2024-03-05,5,10,3,2024,1,16.0,4.0,10.5,7.0
uphqw8c2,Product_18,2024-04-02,4,4,4,2024,1,5.0,10.0,4.5,7.0
uphqw8c2,Product_18,2024-04-09,7,3,4,2024,1,4.0,4.0,5.5,3.5
uphqw8c2,Product_18,2024-05-04,9,3,5,2024,5,7.0,3.0,8.0,3.0
uphqw8c2,Product_18,2024-05-09,3,6,5,2024,3,9.0,3.0,6.0,4.5
uphqw8c2,Product_18,2024-06-07,18,5,6,2024,4,3.0,6.0,10.5,5.5
uphqw8c2,Product_18,2024-06-25,19,3,6,2024,1,18.0,5.0,18.5,4.0
uymbv69o,Product_87,2024-01-17,9,1,1,2024,2,9.0,1.0,5.0,3.5
uymbv69o,Product_87,2024-01-17,1,6,1,2024,2,9.0,1.0,5.0,3.5
uymbv69o,Product_87,2024-01-23,2,2,1,2024,1,1.0,6.0,1.5,4.0
uymbv69o,Product_87,2024-02-04,7,8,2,2024,6,2.0,2.0,4.5,5.0
uymbv69o,Product_87,2024-02-29,9,2,2,2024,3,7.0,8.0,8.0,5.0
uymbv69o,Product_87,2024-03-17,18,0,3,2024,6,9.0,2.0,13.5,1.0
uymbv69o,Product_87,2024-03-24,1,8,3,2024,6,18.0,0.0,9.5,4.0
uymbv69o,Product_87,2024-04-07,15,3,4,2024,6,1.0,8.0,8.0,5.5
uymbv69o,Product_87,2024-04-25,17,9,4,2024,3,15.0,3.0,16.0,6.0
uymbv69o,Product_87,2024-05-26,5,5,5,2024,6,17.0,9.0,11.0,7.0
uynip1av,Product_92,2024-01-08,4,10,1,2024,0,4.0,10.0,2.5,9.0
uynip1av,Product_92,2024-01-12,1,8,1,2024,4,4.0,10.0,2.5,9.0
uynip1av,Product_92,2024-02-11,8,10,2,2024,6,1.0,8.0,4.5,9.0
uynip1av,Product_92,2024-02-18,16,8,2,2024,6,8.0,10.0,12.0,9.0
uynip1av,Product_92,2024-02-21,7,2,2,2024,2,16.0,8.0,11.5,5.0
uynip1av,Product_92,2024-03-08,7,5,3,2024,4,7.0,2.0,7.0,3.5
uynip1av,Product_92,2024-04-12,4,0,4,2024,4,7.0,5.0,5.5,2.5
uynip1av,Product_92,2024-04-15,18,8,4,2024,0,4.0,0.0,11.0,4.0
uynip1av,Product_92,2024-05-08,13,4,5,2024,2,18.0,8.0,15.5,6.0
uynip1av,Product_92,2024-06-24,14,7,6,2024,0,13.0,4.0,13.5,5.5
vhcao8q4,Product_46,2024-01-08,1,2,1,2024,0,1.0,2.0,9.5,4.0
vhcao8q4,Product_46,2024-01-27,18,6,1,2024,5,1.0,2.0,9.5,4.0
vhcao8q4,Product_46,2024-01-31,15,4,1,2024,2,18.0,6.0,16.5,5.0
vhcao8q4,Product_46,2024-02-14,12,7,2,2024,2,15.0,4.0,13.5,5.5
vhcao8q4,Product_46,2024-03-20,20,8,3,2024,2,12.0,7.0,16.0,7.5
vhcao8q4,Product_46,2024-03-21,19,5,3,2024,3,20.0,8.0,19.5,6.5
vhcao8q4,Product_46,2024-04-24,1,6,4,2024,2,19.0,5.0,10.0,5.5
vhcao8q4,Product_46,2024-05-31,6,0,5,2024,4,1.0,6.0,3.5,3.0
vhcao8q4,Product_46,2024-06-05,6,10,6,2024,2,6.0,0.0,6.0,5.0
vhcao8q4,Product_46,2024-06-11,18,2,6,2024,1,6.0,10.0,12.0,6.0
vlkawo53,Product_43,2024-02-22,5,2,2,2024,3,5.0,2.0,4.0,2.0
vlkawo53,Product_43,2024-03-20,3,2,3,2024,2,5.0,2.0,4.0,2.0
vlkawo53,Product_43,2024-04-15,1,2,4,2024,0,3.0,2.0,2.0,2.0
vlkawo53,Product_43,2024-04-24,15,9,4,2024,2,1.0,2.0,8.0,5.5
vlkawo53,Product_43,2024-04-26,9,2,4,2024,4,15.0,9.0,12.0,5.5
vlkawo53,Product_43,2024-05-15,20,8,5,2024,2,9.0,2.0,14.5,5.0
vlkawo53,Product_43,2024-05-16,10,10,5,2024,3,20.0,8.0,15.0,9.0
vlkawo53,Product_43,2024-06-01,1,1,6,2024,5,10.0,10.0,5.5,5.5
vlkawo53,Product_43,2024-06-16,17,2,6,2024,6,1.0,1.0,9.0,1.5
vlkawo53,Product_43,2024-06-29,1,6,6,2024,5,17.0,2.0,9.0,4.0
vqie373b,Product_64,2024-01-06,18,2,1,2024,5,18.0,2.0,18.0,4.5
vqie373b,Product_64,2024-01-07,18,7,1,2024,6,18.0,2.0,18.0,4.5
vqie373b,Product_64,2024-01-16,9,0,1,2024,1,18.0,7.0,13.5,3.5
vqie373b,Product_64,2024-01-27,14,9,1,2024,5,9.0,0.0,11.5,4.5
vqie373b,Product_64,2024-01-31,7,3,1,2024,2,14.0,9.0,10.5,6.0
vqie373b,Product_64,2024-02-14,10,3,2,2024,2,7.0,3.0,8.5,3.0
vqie373b,Product_64,2024-06-07,19,8,6,2024,4,10.0,3.0,14.5,5.5
vqie373b,Product_64,2024-06-11,11,3,6,2024,1,19.0,8.0,15.0,5.5
vqie373b,Product_64,2024-06-13,19,5,6,2024,3,11.0,3.0,15.0,4.0
vqie373b,Product_64,2024-06-13,8,5,6,2024,3,19.0,5.0,13.5,5.0
vr907h3y,Product_25,2024-01-23,5,10,1,2024,1,5.0,10.0,10.0,8.5
vr907h3y,Product_25,2024-02-21,15,7,2,2024,2,5.0,10.0,10.0,8.5
vr907h3y,Product_25,2024-03-06,1,2,3,2024,2,15.0,7.0,8.0,4.5
vr907h3y,Product_25,2024-03-20,6,8,3,2024,2,1.0,2.0,3.5,5.0
vr907h3y,Product_25,2024-03-23,18,3,3,2024,5,6.0,8.0,12.0,5.5
vr907h3y,Product_25,2024-03-28,5,7,3,2024,3,18.0,3.0,11.5,5.0
vr907h3y,Product_25,2024-04-03,10,10,4,2024,2,5.0,7.0,7.5,8.5
vr907h3y,Product_25,2024-05-05,6,1,5,2024,6,10.0,10.0,8.0,5.5
vr907h3y,Product_25,2024-05-27,18,7,5,2024,0,6.0,1.0,12.0,4.0
vr907h3y,Product_25,2024-06-25,15,0,6,2024,1,18.0,7.0,16.5,3.5
vw3x87ql,Product_12,2024-01-02,18,10,1,2024,1,18.0,10.0,12.0,8.5
vw3x87ql,Product_12,2024-01-15,6,7,1,2024,0,18.0,10.0,12.0,8.5
vw3x87ql,Product_12,2024-01-15,6,5,1,2024,0,6.0,7.0,6.0,6.0
vw3x87ql,Product_12,2024-01-24,15,4,1,2024,2,6.0,5.0,10.5,4.5
vw3x87ql,Product_12,2024-03-25,3,8,3,2024,0,15.0,4.0,9.0,6.0
vw3x87ql,Product_12,2024-04-15,16,3,4,2024,0,3.0,8.0,9.5,5.5
vw3x87ql,Product_12,2024-05-06,15,0,5,2024,0,16.0,3.0,15.5,1.5
vw3x87ql,Product_12,2024-05-08,8,1,5,2024,2,15.0,0.0,11.5,0.5
vw3x87ql,Product_12,2024-05-24,15,0,5,2024,4,8.0,1.0,11.5,0.5
vw3x87ql,Product_12,2024-05-29,7,7,5,2024,2,15.0,0.0,11.0,3.5
w1xjvhqr,Product_41,2024-01-02,14,9,1,2024,1,14.0,9.0,8.5,8.0
w1xjvhqr,Product_41,2024-01-11,3,7,1,2024,3,14.0,9.0,8.5,8.0
w1xjvhqr,Product_41,2024-02-21,10,6,2,2024,2,3.0,7.0,6.5,6.5
w1xjvhqr,Product_41,2024-02-29,2,6,2,2024,3,10.0,6.0,6.0,6.0
w1xjvhqr,Product_41,2024-03-16,18,0,3,2024,5,2.0,6.0,10.0,3.0
w1xjvhqr,Product_41,2024-03-21,2,4,3,2024,3,18.0,0.0,10.0,2.0
w1xjvhqr,Product_41,2024-04-28,9,10,4,2024,6,2.0,4.0,5.5,7.0
w1xjvhqr,Product_41,2024-05-07,14,3,5,2024,1,9.0,10.0,11.5,6.5
w1xjvhqr,Product_41,2024-05-25,7,4,5,2024,5,14.0,3.0,10.5,3.5
w1xjvhqr,Product_41,2024-06-26,15,10,6,2024,2,7.0,4.0,11.0,7.0
woridbzh,Product_72,2024-01-13,1,7,1,2024,5,1.0,7.0,10.0,4.5
woridbzh,Product_72,2024-02-04,19,2,2,2024,6,1.0,7.0,10.0,4.5
woridbzh,Product_72,2024-03-16,20,10,3,2024,5,19.0,2.0,19.5,6.0
woridbzh,Product_72,2024-04-19,5,7,4,2024,4,20.0,10.0,12.5,8.5
woridbzh,Product_72,2024-04-27,15,2,4,2024,5,5.0,7.0,10.0,4.5
woridbzh,Product_72,2024-04-28,15,5,4,2024,6,15.0,2.0,15.0,3.5
woridbzh,Product_72,2024-05-13,10,10,5,2024,0,15.0,5.0,12.5,7.5
woridbzh,Product_72,2024-05-17,10,8,5,2024,4,10.0,10.0,10.0,9.0
woridbzh,Product_72,2024-06-04,5,3,6,2024,1,10.0,8.0,7.5,5.5
woridbzh,Product_72,2024-06-17,9,4,6,2024,0,5.0,3.0,7.0,3.5
x7h37x8t,Product_40,2024-01-03,13,9,1,2024,2,13.0,9.0,9.5,8.0
x7h37x8t,Product_40,2024-01-15,6,7,1,2024,0,13.0,9.0,9.5,8.0
x7h37x8t,Product_40,2024-02-07,6,0,2,2024,2,6.0,7.0,6.0,3.5
x7h37x8t,Product_40,2024-03-22,10,2,3,2024,4,6.0,0.0,8.0,1.0
x7h37x8t,Product_40,2024-03-28,7,10,3,2024,3,10.0,2.0,8.5,6.0
x7h37x8t,Product_40,2024-04-15,8,4,4,2024,0,7.0,10.0,7.5,7.0
x7h37x8t,Product_40,2024-04-29,10,9,4,2024,0,8.0,4.0,9.0,6.5
x7h37x8t,Product_40,2024-04-30,11,2,4,2024,1,10.0,9.0,10.5,5.5
x7h37x8t,Product_40,2024-05-24,4,0,5,2024,4,11.0,2.0,7.5,1.0
x7h37x8t,Product_40,2024-06-03,7,2,6,2024,0,4.0,0.0,5.5,1.0
xclb6q1b,Product_53,2024-01-05,3,3,1,2024,4,3.0,3.0,11.0,3.0
xclb6q1b,Product_53,2024-01-16,19,3,1,2024,1,3.0,3.0,11.0,3.0
xclb6q1b,Product_53,2024-02-15,20,6,2,2024,3,19.0,3.0,19.5,4.5
xclb6q1b,Product_53,2024-04-06,7,7,4,2024,5,20.0,6.0,13.5,6.5
xclb6q1b,Product_53,2024-05-09,3,7,5,2024,3,7.0,7.0,5.0,7.0
xclb6q1b,Product_53,2024-05-27,4,8,5,2024,0,3.0,7.0,3.5,7.5
xclb6q1b,Product_53,2024-05-28,7,2,5,2024,1,4.0,8.0,5.5,5.0
xclb6q1b,Product_53,2024-05-29,7,10,5,2024,2,7.0,2.0,7.0,6.0
xclb6q1b,Product_53,2024-06-10,12,5,6,2024,0,7.0,10.0,9.5,7.5
xclb6q1b,Product_53,2024-06-17,5,1,6,2024,0,12.0,5.0,8.5,3.0
xw776o9u,Product_94,2024-01-23,19,0,1,2024,1,19.0,0.0,17.5,4.5
xw776o9u,Product_94,2024-01-28,16,9,1,2024,6,19.0,0.0,17.5,4.5
xw776o9u,Product_94,2024-02-12,18,10,2,2024,0,16.0,9.0,17.0,9.5
xw776o9u,Product_94,2024-02-19,19,1,2,2024,0,18.0,10.0,18.5,5.5
xw776o9u,Product_94,2024-03-14,17,10,3,2024,3,19.0,1.0,18.0,5.5
xw776o9u,Product_94,2024-03-16,12,4,3,2024,5,17.0,10.0,14.5,7.0
xw776o9u,Product_94,2024-04-19,8,7,4,2024,4,12.0,4.0,10.0,5.5
xw776o9u,Product_94,2024-05-01,9,2,5,2024,2,8.0,7.0,8.5,4.5
xw776o9u,Product_94,2024-05-08,10,8,5,2024,2,9.0,2.0,9.5,5.0
xw776o9u,Product_94,2024-06-25,7,10,6,2024,1,10.0,8.0,8.5,9.0
y6p9n23h,Product_30,2024-01-10,13,4,1,2024,2,13.0,4.0,13.5,6.0
y6p9n23h,Product_30,2024-01-11,14,8,1,2024,3,13.0,4.0,13.5,6.0
y6p9n23h,Product_30,2024-01-20,7,1,1,2024,5,14.0,8.0,10.5,4.5
y6p9n23h,Product_30,2024-02-03,4,9,2,2024,5,7.0,1.0,5.5,5.0
y6p9n23h,Product_30,2024-02-12,9,10,2,2024,0,4.0,9.0,6.5,9.5
y6p9n23h,Product_30,2024-03-17,16,10,3,2024,6,9.0,10.0,12.5,10.0
y6p9n23h,Product_30,2024-03-27,19,0,3,2024,2,16.0,10.0,17.5,5.0
y6p9n23h,Product_30,2024-04-19,17,7,4,2024,4,19.0,0.0,18.0,3.5
y6p9n23h,Product_30,2024-05-26,13,5,5,2024,6,17.0,7.0,15.0,6.0
y6p9n23h,Product_30,2024-06-25,17,8,6,2024,1,13.0,5.0,15.0,6.5
yng84ch2,Product_62,2024-01-29,20,3,1,2024,0,20.0,3.0,19.5,2.0
yng84ch2,Product_62,2024-02-02,19,1,2,2024,4,20.0,3.0,19.5,2.0
yng84ch2,Product_62,2024-02-23,1,7,2,2024,4,19.0,1.0,10.0,4.0
yng84ch2,Product_62,2024-03-06,2,1,3,2024,2,1.0,7.0,1.5,4.0
yng84ch2,Product_62,2024-03-09,6,0,3,2024,5,2.0,1.0,4.0,0.5
yng84ch2,Product_62,2024-03-11,12,0,3,2024,0,6.0,0.0,9.0,0.0
yng84ch2,Product_62,2024-04-27,17,10,4,2024,5,12.0,0.0,14.5,5.0
yng84ch2,Product_62,2024-05-17,11,8,5,2024,4,17.0,10.0,14.0,9.0
yng84ch2,Product_62,2024-06-24,7,3,6,2024,0,11.0,8.0,9.0,5.5
yng84ch2,Product_62,2024-06-28,10,1,6,2024,4,7.0,3.0,8.5,2.0
yo4lsdew,Product_5,2024-01-10,16,2,1,2024,2,16.0,2.0,13.0,1.0
yo4lsdew,Product_5,2024-01-10,10,0,1,2024,2,16.0,2.0,13.0,1.0
yo4lsdew,Product_5,2024-01-16,18,5,1,2024,1,10.0,0.0,14.0,2.5
yo4lsdew,Product_5,2024-03-05,2,6,3,2024,1,18.0,5.0,10.0,5.5
yo4lsdew,Product_5,2024-04-10,2,4,4,2024,2,2.0,6.0,2.0,5.0
yo4lsdew,Product_5,2024-04-19,7,6,4,2024,4,2.0,4.0,4.5,5.0
yo4lsdew,Product_5,2024-05-03,11,7,5,2024,4,7.0,6.0,9.0,6.5
yo4lsdew,Product_5,2024-05-07,17,10,5,2024,1,11.0,7.0,14.0,8.5
yo4lsdew,Product_5,2024-05-09,2,5,5,2024,3,17.0,10.0,9.5,7.5
yo4lsdew,Product_5,2024-05-15,12,6,5,2024,2,2.0,5.0,7.0,5.5
z0i9q0cm,Product_21,2024-01-01,19,5,1,2024,0,19.0,5.0,13.5,5.0
z0i9q0cm,Product_21,2024-01-27,8,5,1,2024,5,19.0,5.0,13.5,5.0
z0i9q0cm,Product_21,2024-02-09,16,4,2,2024,4,8.0,5.0,12.0,4.5
z0i9q0cm,Product_21,2024-03-15,7,3,3,2024,4,16.0,4.0,11.5,3.5
z0i9q0cm,Product_21,2024-03-23,13,0,3,2024,5,7.0,3.0,10.0,1.5
z0i9q0cm,Product_21,2024-04-07,2,5,4,2024,6,13.0,0.0,7.5,2.5
z0i9q0cm,Product_21,2024-04-15,14,9,4,2024,0,2.0,5.0,8.0,7.0
z0i9q0cm,Product_21,2024-05-02,2,10,5,2024,3,14.0,9.0,8.0,9.5
z0i9q0cm,Product_21,2024-05-09,14,0,5,2024,3,2.0,10.0,8.0,5.0
z0i9q0cm,Product_21,2024-06-14,3,0,6,2024,4,14.0,0.0,8.5,0.0
z1t5zos0,Product_71,2024-01-10,19,2,1,2024,2,19.0,2.0,18.5,3.5
z1t5zos0,Product_71,2024-01-18,18,5,1,2024,3,19.0,2.0,18.5,3.5
z1t5zos0,Product_71,2024-01-22,4,7,1,2024,0,18.0,5.0,11.0,6.0
z1t5zos0,Product_71,2024-02-27,5,5,2,2024,1,4.0,7.0,4.5,6.0
z1t5zos0,Product_71,2024-03-17,6,6,3,2024,6,5.0,5.0,5.5,5.5
z1t5zos0,Product_71,2024-04-11,3,0,4,2024,3,6.0,6.0,4.5,3.0
z1t5zos0,Product_71,2024-05-07,14,9,5,2024,1,3.0,0.0,8.5,4.5
z1t5zos0,Product_71,2024-06-10,18,7,6,2024,0,14.0,9.0,16.0,8.0
z1t5zos0,Product_71,2024-06-14,20,7,6,2024,4,18.0,7.0,19.0,7.0
z1t5zos0,Product_71,2024-06-25,2,5,6,2024,1,20.0,7.0,11.0,6.0
zsmcy49t,Product_42,2024-01-14,3,1,1,2024,6,3.0,1.0,11.5,3.0
zsmcy49t,Product_42,2024-02-05,20,5,2,2024,0,3.0,1.0,11.5,3.0
zsmcy49t,Product_42,2024-02-10,10,3,2,2024,5,20.0,5.0,15.0,4.0
zsmcy49t,Product_42,2024-03-30,20,0,3,2024,5,10.0,3.0,15.0,1.5
zsmcy49t,Product_42,2024-04-02,3,5,4,2024,1,20.0,0.0,11.5,2.5
zsmcy49t,Product_42,2024-05-09,9,9,5,2024,3,3.0,5.0,6.0,7.0
zsmcy49t,Product_42,2024-05-16,5,4,5,2024,3,9.0,9.0,7.0,6.5
zsmcy49t,Product_42,2024-05-16,3,5,5,2024,3,5.0,4.0,4.0,4.5
zsmcy49t,Product_42,2024-06-03,19,5,6,2024,0,3.0,5.0,11.0,5.0
zsmcy49t,Product_42,2024-06-11,2,4,6,2024,1,19.0,5.0,10.5,4.5
zxnow74t,Product_32,2024-01-27,1,8,1,2024,5,1.0,8.0,2.5,7.0
zxnow74t,Product_32,2024-01-29,4,6,1,2024,0,1.0,8.0,2.5,7.0
zxnow74t,Product_32,2024-02-12,9,1,2,2024,0,4.0,6.0,6.5,3.5
zxnow74t,Product_32,2024-02-28,16,7,2,2024,2,9.0,1.0,12.5,4.0
zxnow74t,Product_32,2024-03-08,13,1,3,2024,4,16.0,7.0,14.5,4.0
zxnow74t,Product_32,2024-04-19,7,1,4,2024,4,13.0,1.0,10.0,1.0
zxnow74t,Product_32,2024-04-23,11,8,4,2024,1,7.0,1.0,9.0,4.5
zxnow74t,Product_32,2024-06-02,20,6,6,2024,6,11.0,8.0,15.5,7.0
zxnow74t,Product_32,2024-06-25,17,6,6,2024,1,20.0,6.0,18.5,6.0
zxnow74t,Product_32,2024-06-25,17,10,6,2024,1,17.0,6.0,17.0,8.0
